NAME,AB,ST,EHG,AP,CHCH,BC,CIM,PCI,DES,EST,LC,FA,CAA,CEXA,CHC,CHH,CAMG,COND,CECN,SEP,CE,BRE,ACC,COM,NOMS,T,LT,KM,FALLA,TIPO,DESC,OBS,CORR+A1:AH511,FALLAS2
1,S5,S5,S5,S5,S5,S5,S4,S5,S5,S4,S5,S5,S5,S5,S4,S4,S5,S5,S5,S5,S5,S4,S5,S5,S2,0.934,93020,,,,,,,
2,S5,S5,S5,S5,S5,S5,S4,S5,S5,S4,S5,S5,S5,S5,S4,S4,S5,S5,S5,S5,S5,S4,S5,S5,S2,0.934,93020,,,,,,,
3,S5,S5,S5,S5,S5,S5,S4,S5,S5,S4,S5,S5,S5,S5,S4,S4,S5,S5,S5,S5,S5,S4,S5,S5,S2,0.934,93020,,,,,,,
4,S5,S5,S5,S5,S5,S5,S4,S5,S5,S4,S5,S5,S5,S5,S4,S4,S5,S5,S5,S5,S5,S4,S5,S5,S2,0.934,93020,,,,,,,
5,S5,S5,S5,S5,S5,S5,S4,S5,S5,S4,S5,S5,S5,S5,S4,S4,S5,S5,S5,S5,S5,S4,S5,S5,S2,0.934,93020,,,,,,,
6,S5,S5,S5,S5,S5,S5,S4,S5,S5,S4,S5,S5,S5,S5,S4,S4,S5,S5,S5,S5,S5,S4,S5,S5,S2,0.934,93020,,,,,,,
7,S5,S5,S5,S5,S5,S5,S4,S5,S5,S4,S5,S5,S5,S5,S4,S4,S5,S5,S5,S5,S5,S4,S5,S5,S2,0.934,93020,,,,,,,
8,S5,S5,S5,S5,S5,S5,S4,S5,S5,S4,S5,S5,S5,S5,S4,S4,S5,S5,S5,S5,S5,S4,S5,S5,S2,0.934,93020,,,,,,,
9,S5,S5,S5,S5,S5,S5,S4,S5,S5,S4,S5,S5,S5,S5,S4,S4,S5,S5,S5,S5,S5,S4,S5,S5,S2,0.934,93020,,,,,,,
10,S5,S5,S5,S5,S5,S5,S4,S5,S5,S4,S5,S5,S5,S5,S4,S4,S5,S5,S5,S5,S5,S4,S5,S5,S2,0.934,93020,,,,,,,
11,S5,S5,S5,S5,S5,S5,S4,S5,S5,S4,S5,S5,S5,S5,S4,S4,S5,S5,S5,S5,S5,S4,S5,S5,S2,0.934,93020,,,,,,,
12,S5,S5,S5,S5,S5,S5,S4,S5,S5,S4,S5,S5,S5,S5,S4,S4,S5,S5,S5,S5,S5,S4,S5,S5,S2,0.934,93020,,,,,,,
13,S5,S5,S5,S5,S5,S5,S4,S5,S5,S4,S5,S5,S5,S5,S4,S4,S5,S5,S5,S5,S5,S4,S5,S5,S2,0.934,93020,,,,,,,
14,S5,S5,S5,S5,S5,S5,S4,S5,S5,S4,S5,S5,S5,S5,S4,S4,S5,S5,S5,S5,S5,S4,S5,S5,S2,0.934,93020,,,,,,,
15,S5,S5,S5,S5,S5,S5,S4,S5,S5,S4,S5,S5,S5,S5,S4,S4,S5,S5,S5,S5,S5,S4,S5,S5,S2,0.934,93020,,,,,,,
16,S5,S5,S5,S5,S5,S5,S4,S5,S5,S4,S5,S5,S5,S5,S4,S4,S5,S5,S5,S5,S5,S4,S5,S5,S2,0.934,93020,,,,,,,
17,S5,S5,S5,S5,S5,S5,S4,S5,S5,S4,S5,S5,S5,S5,S4,S4,S5,S5,S5,S5,S5,S4,S5,S5,S2,0.934,93020,,,,,,,
18,S5,S5,S5,S5,S5,S5,S4,S5,S5,S4,S5,S5,S5,S5,S4,S4,S5,S5,S5,S5,S5,S4,S5,S5,S2,0.934,93020,,,,,,,
19,S5,S5,S5,S5,S5,S5,S4,S5,S5,S4,S5,S5,S5,S5,S4,S4,S5,S5,S5,S5,S5,S4,S5,S5,S2,0.934,93020,,,,,,,
20,S5,S5,S5,S5,S5,S5,S4,S5,S5,S4,S5,S5,S5,S5,S4,S4,S5,S5,S5,S5,S5,S4,S5,S5,S2,0.934,93020,,,,,,,
21,S5,S5,S5,S5,S5,S5,S4,S5,S5,S4,S5,S5,S5,S5,S4,S4,S5,S5,S5,S5,S5,S4,S5,S5,S2,0.934,93020,,,,,,,
22,S5,S5,S5,S5,S5,S5,S4,S5,S5,S4,S5,S5,S5,S5,S4,S4,S5,S5,S5,S5,S5,S4,S5,S5,S2,0.934,93020,,,,,,,
23,S5,S5,S5,S5,S5,S5,S4,S5,S5,S4,S5,S5,S5,S5,S4,S4,S5,S5,S5,S5,S5,S4,S5,S5,S2,0.934,93020,,,,,,,
24,S5,S5,S5,S5,S5,S5,S4,S5,S5,S4,S5,S5,S5,S5,S4,S4,S5,S5,S5,S5,S5,S4,S5,S5,S2,0.934,93020,,,,,,,
25,S3,S5,S5,S5,S5,S5,S4,S5,S5,S4,S5,S5,S5,S5,S4,S4,S5,S5,S5,S5,S5,S4,S5,S5,S2,0.894,93020,,,,,,,
26,S5,S5,S5,S5,S5,S5,S4,S5,S5,S4,S5,S5,S5,S5,S4,S4,S5,S5,S5,S5,S5,S4,S5,S5,S2,0.934,93020,,,,,,,
27,S5,S5,S5,S5,S5,S5,S4,S5,S5,S4,S5,S5,S5,S5,S4,S4,S5,S5,S5,S5,S5,S4,S5,S5,S2,0.934,93020,,,,,,,
28,S5,S5,S5,S5,S5,S5,S4,S5,S5,S4,S5,S5,S5,S5,S4,S4,S5,S5,S5,S5,S5,S4,S5,S5,S2,0.934,93020,,,,,,,
29,S5,S5,S5,S5,S5,S5,S4,S5,S5,S4,S5,S5,S5,S5,S4,S4,S5,S5,S5,S5,S5,S4,S5,S5,S2,0.934,93020,,,,,,,
30,S5,S5,S5,S5,S5,S5,S4,S5,S5,S4,S5,S5,S5,S5,S4,S4,S5,S5,S5,S5,S5,S4,S5,S5,S2,0.934,93020,,,,,,,
31,S5,S5,S5,S5,S5,S5,S4,S5,S5,S4,S5,S5,S5,S5,S4,S4,S5,S5,S5,S5,S5,S4,S5,S5,S2,0.934,93020,,,,,,,
32,S5,S5,S5,S5,S5,S5,S4,S5,S5,S4,S5,S5,S5,S5,S4,S4,S5,S5,S5,S5,S5,S4,S5,S5,S2,0.934,93020,,,,,,,
33,S5,S5,S5,S5,S5,S5,S4,S5,S5,S4,S5,S5,S5,S5,S4,S4,S5,S5,S5,S5,S5,S4,S5,S5,S2,0.934,93020,,,,,,,
34,S5,S5,S5,S5,S5,S5,S4,S5,S5,S4,S5,S5,S5,S5,S4,S4,S5,S5,S5,S5,S5,S4,S5,S5,S2,0.934,93020,13.22,15/05/2015,B0= DESCARGA ATMOSFERICA,SE ENCONTRÓ FALMEO DE EVIDENCIA DEL ARCO ELÉCTRICO EN CADENA DE AISLAMIENTO DE LA FASE “A” EN LA ESTRUCTURA NO. 34.,,15/05/2015,B0
35,S5,S5,S5,S5,S5,S5,S4,S5,S5,S4,S5,S5,S5,S5,S4,S4,S5,S5,S5,S5,S5,S4,S5,S5,S2,0.934,93020,,,,,,,
36,S5,S5,S5,S5,S5,S5,S4,S5,S5,S4,S5,S5,S5,S5,S4,S4,S5,S5,S5,S5,S5,S4,S5,S5,S2,0.934,93020,,,,,,,
37,S5,S5,S5,S5,S5,S5,S4,S5,S5,S4,S5,S5,S5,S5,S4,S4,S5,S5,S5,S5,S5,S4,S5,S5,S2,0.934,93020,,,,,,,
38,S5,S5,S5,S5,S5,S5,S4,S5,S5,S4,S5,S5,S5,S5,S4,S4,S5,S5,S5,S5,S5,S4,S5,S5,S2,0.934,93020,,,,,,,
39,S5,S5,S5,S5,S5,S5,S4,S5,S5,S4,S5,S5,S5,S5,S4,S4,S5,S5,S5,S5,S5,S4,S5,S5,S2,0.934,93020,,,,,,,
40,S5,S5,S5,S5,S5,S5,S4,S5,S5,S4,S5,S5,S5,S5,S4,S4,S5,S5,S5,S5,S5,S4,S5,S5,S2,0.934,93020,,,,,,,
41,S5,S5,S5,S5,S5,S5,S4,S5,S5,S4,S5,S5,S5,S5,S4,S4,S5,S5,S5,S5,S5,S4,S5,S5,S2,0.934,93020,,,,,,,
42,S5,S5,S5,S5,S5,S5,S4,S5,S5,S4,S5,S5,S5,S5,S4,S4,S5,S5,S5,S5,S5,S4,S5,S5,S2,0.934,93020,,,,,,,
43,S5,S5,S5,S5,S5,S5,S4,S5,S5,S4,S5,S5,S5,S5,S4,S4,S5,S5,S5,S5,S5,S4,S5,S5,S2,0.934,93020,,,,,,,
44,S5,S5,S5,S5,S5,S5,S4,S5,S5,S4,S5,S5,S5,S5,S4,S4,S5,S5,S5,S5,S5,S4,S5,S5,S2,0.934,93020,,,,,,,
45,S5,S5,S5,S5,S5,S5,S4,S5,S5,S4,S5,S5,S5,S5,S4,S4,S5,S5,S5,S5,S5,S4,S2,S5,S2,0.916,93020,,,,,,,
46,S5,S5,S5,S5,S5,S5,S4,S5,S5,S4,S5,S5,S5,S5,S4,S4,S5,S5,S5,S5,S5,S4,S2,S5,S2,0.916,93020,,,,,,,
47,S5,S5,S5,S5,S5,S5,S4,S5,S5,S4,S5,S5,S5,S5,S4,S4,S5,S5,S5,S5,S5,S4,S2,S5,S2,0.916,93020,,,,,,,
48,S5,S5,S5,S5,S5,S5,S4,S5,S5,S4,S5,S5,S5,S5,S4,S4,S5,S5,S5,S5,S5,S4,S2,S5,S2,0.916,93020,,,,,,,
49,S3,S5,S5,S5,S5,S5,S4,S5,S5,S4,S5,S5,S5,S5,S4,S4,S5,S5,S5,S5,S5,S4,S2,S5,S2,0.876,93020,,,,,,,
50,S5,S5,S5,S5,S5,S5,S4,S5,S5,S4,S5,S5,S5,S5,S4,S4,S5,S5,S5,S5,S5,S4,S2,S5,S2,0.916,93020,,,,,,,
51,S5,S5,S5,S5,S5,S5,S4,S5,S5,S4,S5,S5,S5,S5,S4,S4,S5,S5,S5,S5,S5,S4,S2,S5,S2,0.916,93020,19.93,01/04/2012,B0= DESCARGA ATMOSFERICA,"CADENA FLAMEADA EN ESTRUCTURA No. 51, FASE ""A"", POR DESCARGA ATMOSFERICA.",,01/04/2012,B0
52,S5,S5,S5,S5,S5,S5,S4,S5,S5,S4,S5,S5,S5,S5,S4,S4,S5,S5,S5,S5,S5,S4,S2,S5,S2,0.916,93020,,,,,,,
53,S5,S5,S5,S5,S5,S5,S4,S5,S5,S4,S5,S5,S5,S5,S4,S4,S5,S5,S5,S5,S5,S4,S2,S5,S2,0.916,93020,,,,,,,
54,S5,S5,S5,S5,S5,S5,S4,S5,S5,S4,S5,S5,S5,S5,S4,S4,S5,S5,S5,S5,S5,S4,S2,S5,S2,0.916,93020,21.92,28/09/2012,B0= DESCARGA ATMOSFERICA,"CADENA FLAMEADA EN ESTRUCTURA No. 54, FASE ""B"", POR DESCARGA ATMOSFERICA.",,28/09/2012,B0
55,S5,S5,S5,S5,S5,S5,S4,S5,S5,S4,S5,S5,S5,S5,S4,S4,S5,S5,S5,S5,S5,S4,S2,S5,S2,0.916,93020,,,,,,,
56,S5,S5,S5,S5,S5,S5,S4,S5,S5,S4,S5,S5,S5,S5,S4,S4,S5,S5,S5,S5,S5,S4,S2,S5,S2,0.916,93020,,,,,,,
57,S5,S5,S5,S5,S5,S5,S4,S5,S5,S4,S5,S5,S5,S5,S4,S4,S5,S5,S5,S5,S5,S4,S2,S5,S2,0.916,93020,,,,,,,
58,S5,S5,S5,S5,S5,S5,S4,S5,S5,S4,S5,S5,S5,S5,S4,S4,S5,S5,S5,S5,S5,S4,S2,S5,S2,0.916,93020,,,,,,,
1,S5,S3,S5,S5,S5,S5,S5,S5,S5,S5,S5,S5,S5,S5,S5,S5,S5,S5,S5,S5,S5,S4,S5,S0,S5,0.944,A3L60,,,,,,,
2,S5,S3,S5,S5,S5,S5,S5,S5,S5,S5,S5,S5,S5,S5,S5,S5,S5,S5,S5,S5,S5,S4,S5,S0,S5,0.944,A3L60,,,,,,,
3,S5,S3,S5,S5,S5,S5,S5,S5,S5,S5,S5,S5,S5,S5,S5,S5,S5,S5,S5,S5,S5,S4,S5,S0,S5,0.944,A3L60,,,,,,,
4,S5,S3,S5,S5,S5,S5,S5,S5,S5,S5,S5,S5,S5,S5,S5,S5,S5,S5,S5,S5,S5,S4,S5,S0,S5,0.944,A3L60,,,,,,,
5,S5,S3,S5,S5,S5,S5,S5,S5,S5,S5,S5,S5,S5,S5,S5,S5,S5,S5,S5,S5,S5,S4,S5,S0,S5,0.944,A3L60,,,,,,,
6,S5,S3,S5,S5,S5,S5,S5,S5,S5,S5,S5,S5,S5,S5,S5,S5,S5,S5,S5,S5,S5,S4,S5,S0,S5,0.944,A3L60,,,,,,,
7,S5,S5,S5,S5,S5,S5,S5,S5,S5,S5,S5,S5,S5,S5,S5,S5,S5,S5,S5,S5,S5,S4,S5,S0,S5,0.984,A3L60,,,,,,,
8,S5,S5,S5,S5,S5,S5,S5,S5,S5,S5,S5,S5,S5,S5,S5,S5,S5,S5,S5,S5,S5,S4,S5,S0,S5,0.984,A3L60,,,,,,,
9,S5,S5,S5,S5,S5,S5,S5,S5,S5,S5,S5,S5,S5,S5,S5,S5,S5,S5,S5,S5,S5,S4,S5,S0,S5,0.984,A3L60,,,,,,,
10,S5,S3,S5,S5,S5,S5,S5,S5,S5,S5,S5,S5,S5,S5,S5,S5,S5,S5,S5,S5,S5,S4,S5,S0,S5,0.944,A3L60,,,,,,,
11,S5,S2,S5,S5,S5,S5,S5,S5,S5,S5,S5,S5,S5,S5,S5,S5,S5,S5,S5,S5,S5,S4,S5,S0,S5,0.924,A3L60,,,,,,,
12,S5,S2,S5,S5,S5,S5,S5,S5,S5,S5,S5,S5,S5,S5,S5,S5,S5,S5,S5,S5,S5,S4,S5,S0,S5,0.924,A3L60,,,,,,,
13,S5,S2,S5,S5,S5,S5,S5,S5,S5,S5,S5,S5,S5,S5,S5,S5,S5,S5,S5,S5,S5,S4,S5,S0,S5,0.924,A3L60,,,,,,,
14,S5,S2,S5,S5,S5,S5,S5,S5,S5,S5,S5,S5,S5,S5,S5,S5,S5,S5,S5,S5,S5,S4,S5,S0,S5,0.924,A3L60,,,,,,,
15,S5,S3,S5,S5,S5,S5,S5,S5,S5,S5,S5,S5,S5,S5,S5,S5,S5,S5,S5,S5,S5,S4,S5,S0,S5,0.944,A3L60,,,,,,,
16,S5,S5,S5,S5,S5,S5,S5,S5,S5,S5,S5,S5,S5,S5,S5,S5,S5,S5,S5,S5,S5,S4,S5,S0,S5,0.984,A3L60,,,,,,,
17,S5,S2,S5,S5,S5,S5,S5,S5,S5,S5,S5,S5,S5,S5,S5,S5,S5,S5,S5,S5,S5,S4,S5,S0,S5,0.924,A3L60,,,,,,,
18,S5,S5,S5,S5,S5,S5,S5,S5,S5,S5,S5,S5,S5,S5,S5,S5,S5,S5,S5,S5,S5,S4,S5,S0,S5,0.984,A3L60,,,,,,,
19,S5,S5,S5,S5,S5,S5,S5,S5,S5,S5,S5,S5,S5,S5,S5,S5,S5,S5,S5,S5,S5,S4,S5,S0,S5,0.984,A3L60,,,,,,,
20,S5,S5,S5,S5,S5,S5,S5,S5,S5,S5,S5,S5,S5,S5,S5,S5,S5,S5,S5,S5,S5,S4,S5,S0,S5,0.984,A3L60,,,,,,,
21,S5,S5,S5,S5,S5,S5,S5,S5,S5,S5,S5,S5,S5,S5,S5,S5,S5,S5,S5,S5,S5,S4,S5,S0,S5,0.984,A3L60,,,,,,,
22,S5,S5,S5,S5,S5,S5,S5,S5,S5,S5,S5,S5,S5,S5,S5,S5,S5,S5,S5,S5,S5,S4,S5,S0,S5,0.984,A3L60,,,,,,,
23,S5,S5,S5,S5,S5,S5,S5,S5,S5,S5,S5,S5,S5,S5,S5,S5,S5,S5,S5,S5,S5,S4,S5,S0,S5,0.984,A3L60,,,,,,,
24,S5,S5,S5,S5,S5,S5,S5,S5,S5,S5,S5,S5,S5,S5,S5,S5,S5,S5,S5,S5,S5,S4,S5,S0,S5,0.984,A3L60,,,,,,,
25,S5,S5,S5,S5,S5,S5,S5,S5,S5,S5,S5,S5,S5,S5,S5,S5,S5,S5,S5,S5,S5,S4,S5,S0,S5,0.984,A3L60,,,,,,,
26,S5,S5,S5,S5,S5,S5,S5,S5,S5,S5,S5,S5,S5,S5,S5,S5,S5,S5,S5,S5,S5,S4,S5,S0,S5,0.984,A3L60,,,,,,,
27,S5,S5,S5,S5,S5,S5,S5,S5,S5,S5,S5,S5,S5,S5,S5,S5,S5,S5,S5,S5,S5,S4,S5,S0,S5,0.984,A3L60,,,,,,,
28,S5,S5,S5,S5,S5,S5,S5,S5,S5,S5,S5,S5,S5,S5,S5,S5,S5,S5,S5,S5,S5,S4,S5,S0,S5,0.984,A3L60,,,,,,,
29,S5,S5,S5,S5,S5,S5,S5,S5,S5,S5,S5,S5,S5,S5,S5,S5,S5,S5,S5,S5,S5,S4,S5,S0,S5,0.984,A3L60,,,,,,,
30,S5,S5,S5,S5,S5,S5,S5,S5,S5,S5,S5,S5,S5,S5,S5,S5,S5,S5,S5,S5,S5,S4,S5,S0,S5,0.984,A3L60,,,,,,,
31,S5,S5,S5,S5,S5,S5,S5,S5,S5,S5,S5,S5,S5,S5,S5,S5,S5,S5,S5,S5,S5,S4,S5,S0,S5,0.984,A3L60,,,,,,,
32,S5,S5,S5,S5,S5,S5,S5,S5,S5,S5,S5,S5,S5,S5,S5,S5,S5,S5,S5,S5,S5,S4,S5,S0,S5,0.984,A3L60,,,,,,,
33,S5,S5,S5,S5,S5,S5,S5,S5,S5,S5,S5,S5,S5,S5,S5,S5,S5,S5,S5,S5,S5,S4,S5,S0,S5,0.984,A3L60,,,,,,,
34,S5,S5,S5,S5,S5,S5,S5,S5,S5,S5,S5,S5,S5,S5,S5,S5,S5,S5,S5,S5,S5,S4,S5,S0,S5,0.984,A3L60,,,,,,,
35,S5,S5,S5,S5,S5,S5,S5,S5,S5,S5,S5,S5,S5,S5,S5,S5,S5,S5,S5,S5,S5,S4,S5,S0,S5,0.984,A3L60,,,,,,,
36,S5,S5,S5,S5,S5,S5,S5,S5,S5,S5,S5,S5,S5,S5,S5,S5,S5,S5,S5,S5,S5,S4,S5,S0,S5,0.984,A3L60,,,,,,,
37,S5,S5,S5,S5,S5,S5,S5,S5,S5,S5,S5,S5,S5,S5,S5,S5,S5,S5,S5,S5,S5,S4,S5,S0,S5,0.984,A3L60,,,,,,,
38,S5,S5,S5,S5,S5,S5,S5,S5,S5,S5,S5,S5,S5,S5,S5,S5,S5,S5,S5,S5,S5,S4,S5,S0,S5,0.984,A3L60,,,,,,,
39,S5,S5,S5,S5,S5,S5,S5,S5,S5,S5,S5,S5,S5,S5,S5,S5,S5,S5,S5,S5,S5,S4,S5,S0,S5,0.984,A3L60,,,,,,,
40,S5,S5,S5,S5,S5,S5,S5,S5,S5,S5,S5,S5,S5,S5,S5,S5,S5,S5,S5,S5,S5,S4,S5,S0,S5,0.984,A3L60,,,,,,,
41,S5,S2,S5,S5,S5,S5,S5,S5,S5,S5,S5,S5,S5,S5,S5,S5,S5,S5,S5,S5,S5,S4,S5,S0,S5,0.924,A3L60,,,,,,,
42,S5,S2,S5,S5,S5,S5,S5,S5,S5,S5,S5,S5,S5,S5,S5,S5,S5,S5,S5,S5,S5,S4,S5,S0,S5,0.924,A3L60,,,,,,,
43,S5,S2,S5,S5,S5,S5,S5,S5,S5,S5,S5,S5,S5,S5,S5,S5,S5,S5,S5,S5,S5,S4,S5,S0,S5,0.924,A3L60,,,,,,,
44,S5,S2,S5,S5,S5,S5,S5,S5,S5,S5,S5,S5,S5,S5,S5,S5,S5,S5,S5,S5,S5,S4,S5,S0,S5,0.924,A3L60,,,,,,,
45,S5,S2,S5,S5,S5,S5,S5,S5,S5,S5,S5,S5,S5,S5,S5,S5,S5,S5,S5,S5,S5,S4,S5,S0,S5,0.924,A3L60,,,,,,,
46,S5,S2,S5,S5,S5,S5,S5,S5,S5,S5,S5,S5,S5,S5,S5,S5,S5,S5,S5,S5,S5,S4,S5,S0,S5,0.924,A3L60,,,,,,,
47,S5,S2,S5,S5,S5,S5,S5,S5,S5,S5,S5,S5,S5,S5,S5,S5,S5,S5,S5,S5,S5,S4,S5,S0,S5,0.924,A3L60,,,,,,,
48,S5,S2,S5,S5,S5,S5,S5,S5,S5,S5,S5,S5,S5,S5,S5,S5,S5,S5,S5,S5,S5,S4,S5,S0,S5,0.924,A3L60,,,,,,,
49,S5,S2,S5,S5,S5,S5,S5,S5,S5,S5,S5,S5,S5,S5,S5,S5,S5,S5,S5,S5,S5,S4,S5,S0,S5,0.924,A3L60,,,,,,,
50,S5,S2,S5,S5,S5,S5,S5,S5,S5,S5,S5,S5,S5,S5,S5,S5,S5,S5,S5,S5,S5,S4,S5,S0,S5,0.924,A3L60,,,,,,,
51,S5,S5,S5,S5,S5,S5,S5,S5,S5,S5,S5,S5,S5,S5,S5,S5,S5,S5,S5,S5,S5,S4,S5,S0,S5,0.984,A3L60,,,,,,,
52,S5,S5,S5,S5,S5,S5,S5,S5,S5,S5,S5,S5,S5,S5,S5,S5,S5,S5,S5,S5,S5,S4,S5,S0,S5,0.984,A3L60,,,,,,,
53,S5,S5,S5,S5,S5,S5,S5,S5,S5,S5,S5,S5,S5,S5,S5,S5,S5,S5,S5,S5,S5,S4,S5,S0,S5,0.984,A3L60,,,,,,,
54,S5,S5,S5,S5,S5,S5,S5,S5,S5,S5,S5,S5,S5,S5,S5,S5,S5,S5,S5,S5,S5,S4,S5,S0,S5,0.984,A3L60,,,,,,,
55,S5,S5,S5,S5,S5,S5,S5,S5,S5,S5,S5,S5,S5,S5,S5,S5,S5,S5,S5,S5,S5,S4,S5,S0,S5,0.984,A3L60,,,,,,,
56,S5,S5,S5,S5,S5,S5,S5,S5,S5,S5,S5,S5,S5,S5,S5,S5,S5,S5,S5,S5,S5,S4,S5,S0,S5,0.984,A3L60,,,,,,,
57,S5,S5,S5,S5,S5,S5,S5,S5,S5,S5,S5,S5,S5,S5,S5,S5,S5,S5,S5,S5,S5,S4,S5,S0,S5,0.984,A3L60,,,,,,,
58,S5,S5,S5,S5,S5,S5,S5,S5,S5,S5,S5,S5,S5,S5,S5,S5,S5,S5,S5,S5,S5,S4,S5,S5,S5,0.994,A3L60,,,,,,,
59,S5,S5,S5,S5,S5,S5,S5,S5,S5,S5,S5,S5,S5,S5,S5,S5,S5,S5,S5,S5,S5,S4,S5,S5,S5,0.994,A3L60,,,,,,,
60,S5,S5,S5,S5,S5,S5,S5,S5,S5,S5,S5,S5,S5,S5,S5,S5,S5,S5,S5,S5,S5,S4,S5,S5,S5,0.994,A3L60,,,,,,,
61,S5,S5,S5,S5,S5,S5,S5,S5,S5,S5,S5,S5,S5,S5,S5,S5,S5,S5,S5,S5,S5,S4,S5,S5,S5,0.994,A3L60,,,,,,,
62,S5,S5,S5,S5,S5,S5,S5,S5,S5,S5,S5,S5,S5,S5,S5,S5,S5,S5,S5,S5,S5,S4,S5,S5,S5,0.994,A3L60,,,,,,,
63,S5,S5,S5,S5,S5,S5,S5,S5,S5,S5,S5,S5,S5,S5,S5,S5,S5,S5,S5,S5,S5,S4,S5,S5,S5,0.994,A3L60,,,,,,,
64,S5,S5,S5,S5,S5,S5,S5,S5,S5,S5,S5,S5,S5,S5,S5,S5,S5,S5,S5,S5,S5,S4,S5,S5,S5,0.994,A3L60,,,,,,,
65,S5,S5,S5,S5,S5,S5,S5,S5,S5,S5,S5,S5,S5,S5,S5,S5,S5,S5,S5,S5,S5,S4,S5,S5,S5,0.994,A3L60,,,,,,,
66,S5,S5,S5,S5,S5,S5,S5,S5,S5,S5,S5,S5,S5,S5,S5,S5,S5,S5,S5,S5,S5,S4,S5,S5,S5,0.994,A3L60,,,,,,,
67,S5,S5,S5,S5,S5,S5,S5,S5,S5,S5,S5,S5,S5,S5,S5,S5,S5,S5,S5,S5,S5,S4,S5,S5,S5,0.994,A3L60,,,,,,,
68,S5,S5,S5,S5,S5,S5,S5,S5,S5,S5,S5,S5,S5,S5,S5,S5,S5,S5,S5,S5,S5,S4,S5,S5,S5,0.994,A3L60,,,,,,,
69,S5,S5,S5,S5,S5,S5,S5,S5,S5,S5,S5,S5,S5,S5,S5,S5,S5,S5,S5,S5,S5,S4,S5,S5,S5,0.994,A3L60,,,,,,,
70,S5,S5,S5,S5,S5,S5,S5,S5,S5,S5,S5,S5,S5,S5,S5,S5,S5,S5,S5,S5,S5,S4,S5,S5,S5,0.994,A3L60,,,,,,,
71,S5,S5,S5,S5,S5,S5,S5,S5,S5,S5,S5,S5,S5,S5,S5,S5,S5,S5,S5,S5,S5,S4,S5,S5,S5,0.994,A3L60,,,,,,,
72,S5,S5,S5,S5,S5,S5,S5,S5,S5,S5,S5,S5,S5,S5,S5,S5,S5,S5,S5,S5,S5,S4,S5,S5,S5,0.994,A3L60,,,,,,,
73,S5,S5,S5,S5,S5,S5,S5,S5,S5,S5,S5,S5,S5,S5,S5,S5,S5,S5,S5,S5,S5,S4,S5,S5,S5,0.994,A3L60,,,,,,,
74,S5,S5,S5,S5,S5,S5,S5,S5,S5,S5,S5,S5,S5,S5,S5,S5,S5,S5,S5,S5,S5,S4,S5,S5,S5,0.994,A3L60,,,,,,,
75,S5,S5,S5,S5,S5,S5,S5,S5,S5,S5,S5,S5,S5,S5,S5,S5,S5,S5,S5,S5,S5,S4,S5,S5,S5,0.994,A3L60,,,,,,,
76,S5,S5,S5,S5,S5,S5,S5,S5,S5,S5,S5,S5,S5,S5,S5,S5,S5,S5,S5,S5,S5,S4,S5,S5,S5,0.994,A3L60,,,,,,,
77,S5,S5,S5,S5,S5,S5,S5,S5,S5,S5,S5,S5,S5,S5,S5,S5,S5,S5,S5,S5,S5,S4,S5,S5,S5,0.994,A3L60,,,,,,,
78,S5,S5,S5,S5,S5,S5,S5,S5,S5,S5,S5,S5,S5,S5,S5,S5,S5,S5,S5,S5,S5,S4,S5,S5,S5,0.994,A3L60,,,,,,,
79,S5,S5,S5,S5,S5,S5,S5,S5,S5,S5,S5,S5,S5,S5,S5,S5,S5,S5,S5,S5,S5,S4,S5,S5,S5,0.994,A3L60,,,,,,,
80,S5,S5,S5,S5,S5,S5,S5,S5,S5,S5,S5,S5,S5,S5,S5,S5,S5,S5,S5,S5,S5,S4,S5,S5,S5,0.994,A3L60,,,,,,,
81,S5,S5,S5,S5,S5,S5,S5,S5,S5,S5,S5,S5,S5,S5,S5,S5,S5,S5,S5,S5,S5,S4,S5,S5,S5,0.994,A3L60,,,,,,,
82,S5,S5,S5,S5,S5,S5,S5,S5,S5,S5,S5,S5,S5,S5,S5,S5,S5,S5,S5,S5,S5,S4,S5,S5,S5,0.994,A3L60,,,,,,,
83,S5,S5,S5,S5,S5,S5,S5,S5,S5,S5,S5,S5,S5,S5,S5,S5,S5,S5,S5,S5,S5,S4,S5,S5,S5,0.994,A3L60,,,,,,,
84,S5,S5,S5,S5,S5,S5,S5,S5,S5,S5,S5,S5,S5,S5,S5,S5,S5,S5,S5,S5,S5,S4,S5,S5,S5,0.994,A3L60,,,,,,,
85,S5,S5,S5,S5,S5,S5,S5,S5,S5,S5,S5,S5,S5,S5,S5,S5,S5,S5,S5,S5,S5,S4,S5,S5,S5,0.994,A3L60,,,,,,,
86,S5,S5,S5,S5,S5,S5,S5,S5,S5,S5,S5,S5,S5,S5,S5,S5,S5,S5,S5,S5,S5,S4,S5,S5,S5,0.994,A3L60,,,,,,,
87,S5,S5,S5,S5,S5,S5,S5,S5,S5,S5,S5,S5,S5,S5,S5,S5,S5,S5,S5,S5,S5,S4,S5,S5,S5,0.994,A3L60,,,,,,,
88,S5,S5,S5,S5,S5,S5,S5,S5,S5,S5,S5,S5,S5,S5,S5,S5,S5,S5,S5,S5,S5,S4,S5,S5,S5,0.994,A3L60,,,,,,,
89,S5,S5,S5,S5,S5,S5,S5,S5,S5,S5,S5,S5,S5,S5,S5,S5,S5,S5,S5,S5,S5,S4,S5,S5,S5,0.994,A3L60,,,,,,,
90,S5,S5,S5,S5,S5,S5,S5,S5,S5,S5,S5,S5,S5,S5,S5,S5,S5,S5,S5,S5,S5,S4,S5,S5,S5,0.994,A3L60,,,,,,,
91,S5,S5,S5,S5,S5,S5,S5,S5,S5,S5,S5,S5,S5,S5,S5,S5,S5,S5,S5,S5,S5,S4,S5,S5,S5,0.994,A3L60,,,,,,,
92,S5,S5,S5,S5,S5,S5,S5,S5,S5,S5,S5,S5,S5,S5,S5,S5,S5,S5,S5,S5,S5,S4,S5,S5,S5,0.994,A3L60,,,,,,,
93,S5,S5,S5,S5,S5,S5,S5,S5,S5,S5,S5,S5,S5,S5,S5,S5,S5,S5,S5,S5,S5,S4,S5,S5,S5,0.994,A3L60,,,,,,,
94,S5,S5,S5,S5,S5,S5,S5,S5,S5,S5,S5,S5,S5,S5,S5,S5,S5,S5,S5,S5,S5,S4,S5,S5,S5,0.994,A3L60,,,,,,,
95,S5,S5,S5,S5,S5,S5,S5,S5,S5,S5,S5,S5,S5,S5,S5,S5,S5,S5,S5,S5,S5,S4,S5,S5,S5,0.994,A3L60,,,,,,,
96,S5,S5,S5,S5,S5,S5,S5,S5,S5,S5,S5,S5,S5,S5,S5,S5,S5,S5,S5,S5,S5,S4,S5,S5,S5,0.994,A3L60,,,,,,,
97,S5,S5,S5,S5,S5,S5,S5,S5,S5,S5,S5,S5,S5,S5,S5,S5,S5,S5,S5,S5,S5,S4,S5,S5,S5,0.994,A3L60,,,,,,,
98,S5,S5,S5,S5,S5,S5,S5,S5,S5,S5,S5,S5,S5,S5,S5,S5,S5,S5,S5,S5,S5,S4,S5,S5,S5,0.994,A3L60,,,,,,,
99,S5,S5,S5,S5,S5,S5,S5,S5,S5,S5,S5,S5,S5,S5,S5,S5,S5,S5,S5,S5,S5,S4,S5,S5,S5,0.994,A3L60,,,,,,,
100,S5,S5,S5,S5,S5,S5,S5,S5,S5,S5,S5,S5,S5,S5,S5,S5,S5,S5,S5,S5,S5,S4,S5,S5,S5,0.994,A3L60,,,,,,,
101,S5,S5,S5,S5,S5,S5,S5,S5,S5,S5,S5,S5,S5,S5,S5,S5,S5,S5,S5,S5,S5,S4,S5,S5,S5,0.994,A3L60,,,,,,,
102,S5,S5,S5,S5,S5,S5,S5,S5,S5,S5,S5,S5,S5,S5,S5,S5,S5,S5,S5,S5,S5,S4,S5,S5,S5,0.994,A3L60,,,,,,,
103,S5,S5,S5,S5,S5,S5,S5,S5,S5,S5,S5,S5,S5,S5,S5,S5,S5,S5,S5,S5,S5,S4,S5,S5,S5,0.994,A3L60,,,,,,,
104,S5,S5,S5,S5,S5,S5,S5,S5,S5,S5,S5,S5,S5,S5,S5,S5,S5,S5,S5,S5,S5,S4,S5,S5,S5,0.994,A3L60,,,,,,,
105,S5,S5,S5,S5,S5,S5,S5,S5,S5,S5,S5,S5,S5,S5,S5,S5,S5,S5,S5,S5,S5,S4,S5,S5,S5,0.994,A3L60,,,,,,,
106,S5,S5,S5,S5,S5,S5,S5,S5,S5,S5,S5,S5,S5,S5,S5,S5,S5,S5,S5,S5,S5,S4,S5,S5,S5,0.994,A3L60,,,,,,,
107,S5,S5,S5,S5,S5,S5,S5,S5,S5,S5,S5,S5,S5,S5,S5,S5,S5,S5,S5,S5,S5,S4,S5,S5,S5,0.994,A3L60,,,,,,,
108,S5,S5,S5,S5,S5,S5,S5,S5,S5,S5,S5,S5,S5,S5,S5,S5,S5,S5,S5,S5,S5,S4,S5,S5,S5,0.994,A3L60,,,,,,,
109,S5,S5,S5,S5,S5,S5,S5,S5,S5,S5,S5,S5,S5,S5,S5,S5,S5,S5,S5,S5,S5,S4,S5,S5,S5,0.994,A3L60,,,,,,,
110,S5,S5,S5,S5,S5,S5,S5,S5,S5,S5,S5,S5,S5,S5,S5,S5,S5,S5,S5,S5,S5,S4,S5,S5,S5,0.994,A3L60,,,,,,,
111,S5,S5,S5,S5,S5,S5,S5,S5,S5,S5,S5,S5,S5,S5,S5,S5,S5,S5,S5,S5,S5,S4,S5,S5,S5,0.994,A3L60,,,,,,,
112,S5,S5,S5,S5,S5,S5,S5,S5,S5,S5,S5,S5,S5,S5,S5,S5,S5,S5,S5,S5,S5,S4,S5,S5,S5,0.994,A3L60,,,,,,,
113,S5,S5,S5,S5,S5,S5,S5,S5,S5,S5,S5,S5,S5,S5,S5,S5,S5,S5,S5,S5,S5,S4,S5,S5,S5,0.994,A3L60,,,,,,,
114,S5,S5,S5,S5,S5,S5,S5,S5,S5,S5,S5,S5,S5,S5,S5,S5,S5,S5,S5,S5,S5,S4,S5,S5,S5,0.994,A3L60,,,,,,,
115,S5,S5,S5,S5,S5,S5,S5,S5,S5,S5,S5,S5,S5,S5,S5,S5,S5,S5,S5,S5,S5,S4,S5,S5,S5,0.994,A3L60,,,,,,,
116,S5,S5,S5,S5,S5,S5,S5,S5,S5,S5,S5,S5,S5,S5,S5,S5,S5,S5,S5,S5,S5,S4,S5,S5,S5,0.994,A3L60,,,,,,,
117,S5,S5,S5,S5,S5,S5,S5,S5,S5,S5,S5,S5,S5,S5,S5,S5,S5,S5,S5,S5,S5,S4,S5,S5,S5,0.994,A3L60,,,,,,,
118,S5,S5,S5,S5,S5,S5,S5,S5,S5,S5,S5,S5,S5,S5,S5,S5,S5,S5,S5,S5,S5,S4,S5,S5,S5,0.994,A3L60,,,,,,,
119,S5,S5,S5,S5,S5,S5,S5,S5,S5,S5,S5,S5,S5,S5,S5,S5,S5,S5,S5,S5,S5,S4,S5,S5,S5,0.994,A3L60,,,,,,,
120,S5,S5,S5,S5,S5,S5,S5,S5,S5,S5,S5,S5,S5,S5,S5,S5,S5,S5,S5,S5,S5,S4,S5,S5,S5,0.994,A3L60,,,,,,,
121,S5,S5,S5,S5,S5,S5,S5,S5,S5,S5,S5,S5,S5,S5,S5,S5,S5,S5,S5,S5,S5,S4,S5,S5,S5,0.994,A3L60,,,,,,,
122,S5,S5,S5,S5,S5,S5,S5,S5,S5,S5,S5,S5,S5,S5,S5,S5,S5,S5,S5,S5,S5,S4,S5,S5,S5,0.994,A3L60,,,,,,,
123,S5,S5,S5,S5,S5,S5,S5,S5,S5,S5,S5,S5,S5,S5,S5,S5,S5,S5,S5,S5,S5,S4,S5,S5,S5,0.994,A3L60,,,,,,,
124,S5,S5,S5,S5,S5,S5,S5,S5,S5,S5,S5,S5,S5,S5,S5,S5,S5,S5,S5,S5,S5,S4,S5,S5,S5,0.994,A3L60,,,,,,,
125,S5,S5,S5,S5,S5,S5,S5,S5,S5,S5,S5,S5,S5,S5,S5,S5,S5,S5,S5,S5,S5,S4,S5,S5,S5,0.994,A3L60,,,,,,,
126,S5,S5,S5,S5,S5,S5,S5,S5,S5,S5,S5,S5,S5,S5,S5,S5,S5,S5,S5,S5,S5,S4,S5,S5,S5,0.994,A3L60,,,,,,,
127,S5,S5,S5,S5,S5,S5,S5,S5,S5,S5,S5,S5,S5,S5,S5,S5,S5,S5,S5,S5,S5,S4,S5,S5,S5,0.994,A3L60,,,,,,,
128,S5,S5,S5,S5,S5,S5,S5,S5,S5,S5,S5,S5,S5,S5,S5,S5,S5,S5,S5,S5,S5,S4,S5,S5,S5,0.994,A3L60,,,,,,,
129,S5,S5,S5,S5,S5,S5,S5,S5,S5,S5,S5,S5,S5,S5,S5,S5,S5,S5,S5,S5,S5,S4,S5,S5,S5,0.994,A3L60,,,,,,,
130,S5,S5,S5,S5,S5,S5,S5,S5,S5,S5,S5,S5,S5,S5,S5,S5,S5,S5,S5,S5,S5,S4,S5,S5,S5,0.994,A3L60,,,,,,,
131,S5,S5,S5,S5,S5,S5,S5,S5,S5,S5,S5,S5,S5,S5,S5,S5,S5,S5,S5,S5,S5,S4,S5,S5,S5,0.994,A3L60,,,,,,,
132,S5,S5,S5,S5,S5,S5,S5,S5,S5,S5,S5,S5,S5,S5,S5,S5,S5,S5,S5,S5,S5,S4,S5,S5,S5,0.994,A3L60,,,,,,,
133,S5,S5,S5,S5,S5,S5,S5,S5,S5,S5,S5,S5,S5,S5,S5,S5,S5,S5,S5,S5,S5,S4,S5,S5,S5,0.994,A3L60,,,,,,,
134,S5,S5,S5,S5,S5,S5,S5,S5,S5,S5,S5,S5,S5,S5,S5,S5,S5,S5,S5,S5,S5,S4,S5,S5,S5,0.994,A3L60,,,,,,,
135,S5,S5,S5,S5,S5,S5,S5,S5,S5,S5,S5,S5,S5,S5,S5,S5,S5,S5,S5,S5,S5,S4,S5,S5,S5,0.994,A3L60,,,,,,,
136,S5,S5,S5,S5,S5,S5,S5,S5,S5,S5,S5,S5,S5,S5,S5,S5,S5,S5,S5,S5,S5,S4,S5,S5,S5,0.994,A3L60,,,,,,,
137,S5,S5,S5,S5,S5,S5,S5,S5,S5,S5,S5,S5,S5,S5,S5,S5,S5,S5,S5,S5,S5,S4,S5,S5,S5,0.994,A3L60,,,,,,,
138,S5,S5,S5,S5,S5,S5,S5,S5,S5,S5,S5,S5,S5,S5,S5,S5,S5,S5,S5,S5,S5,S4,S5,S5,S5,0.994,A3L60,,,,,,,
139,S5,S5,S5,S5,S5,S5,S5,S5,S5,S5,S5,S5,S5,S5,S5,S5,S5,S5,S5,S5,S5,S4,S5,S5,S5,0.994,A3L60,,,,,,,
140,S5,S5,S5,S5,S5,S5,S5,S5,S5,S5,S5,S5,S5,S5,S5,S5,S5,S5,S5,S5,S5,S4,S5,S5,S5,0.994,A3L60,,,,,,,
141,S5,S5,S5,S5,S5,S5,S5,S5,S5,S5,S5,S5,S5,S5,S5,S5,S5,S5,S5,S5,S5,S4,S5,S5,S5,0.994,A3L60,,,,,,,
142,S5,S5,S5,S5,S5,S5,S5,S5,S5,S5,S5,S5,S5,S5,S5,S5,S5,S5,S5,S5,S5,S4,S5,S5,S5,0.994,A3L60,,,,,,,
143,S5,S5,S5,S5,S5,S5,S5,S5,S5,S5,S5,S5,S5,S5,S5,S5,S5,S5,S5,S5,S5,S4,S5,S5,S5,0.994,A3L60,,,,,,,
144,S5,S5,S5,S5,S5,S5,S5,S5,S5,S5,S5,S5,S5,S5,S5,S5,S5,S5,S5,S5,S5,S4,S5,S5,S5,0.994,A3L60,,,,,,,
145,S5,S5,S5,S5,S5,S5,S5,S5,S5,S5,S5,S5,S5,S5,S5,S5,S5,S5,S5,S5,S5,S4,S5,S5,S5,0.994,A3L60,,,,,,,
146,S5,S5,S5,S5,S5,S5,S5,S5,S5,S5,S5,S5,S5,S5,S5,S5,S5,S5,S5,S5,S5,S4,S5,S5,S5,0.994,A3L60,,,,,,,
147,S5,S5,S5,S5,S5,S5,S5,S5,S5,S5,S5,S5,S5,S5,S5,S5,S5,S5,S5,S5,S5,S4,S5,S5,S5,0.994,A3L60,,,,,,,
148,S5,S5,S5,S5,S5,S5,S5,S5,S5,S5,S5,S5,S5,S5,S5,S5,S5,S5,S5,S5,S5,S4,S5,S5,S5,0.994,A3L60,,,,,,,
149,S5,S5,S5,S5,S5,S5,S5,S5,S5,S5,S5,S5,S5,S5,S5,S5,S5,S5,S5,S5,S5,S4,S5,S5,S5,0.994,A3L60,,,,,,,
150,S5,S5,S5,S5,S5,S5,S5,S5,S5,S5,S5,S5,S5,S5,S5,S5,S5,S5,S5,S5,S5,S4,S5,S5,S5,0.994,A3L60,,,,,,,
151,S5,S5,S5,S5,S5,S5,S5,S5,S5,S5,S5,S5,S5,S5,S5,S5,S5,S5,S5,S5,S5,S4,S5,S5,S5,0.994,A3L60,,,,,,,
152,S5,S5,S5,S5,S5,S5,S5,S5,S5,S5,S5,S5,S5,S5,S5,S5,S5,S5,S5,S5,S5,S4,S5,S5,S5,0.994,A3L60,,,,,,,
153,S5,S5,S5,S5,S5,S5,S5,S5,S5,S5,S5,S5,S5,S5,S5,S5,S5,S5,S5,S5,S5,S4,S5,S5,S5,0.994,A3L60,,,,,,,
154,S5,S5,S5,S5,S5,S5,S5,S5,S5,S5,S5,S5,S5,S5,S5,S5,S5,S5,S5,S5,S5,S4,S5,S5,S5,0.994,A3L60,,,,,,,
155,S5,S5,S5,S5,S5,S5,S5,S5,S5,S5,S5,S5,S5,S5,S5,S5,S5,S5,S5,S5,S5,S4,S5,S5,S5,0.994,A3L60,,,,,,,
156,S5,S5,S5,S5,S5,S5,S5,S5,S5,S5,S5,S5,S5,S5,S5,S5,S5,S5,S5,S5,S5,S4,S5,S5,S5,0.994,A3L60,,,,,,,
157,S5,S5,S5,S5,S5,S5,S5,S5,S5,S5,S5,S5,S5,S5,S5,S5,S5,S5,S5,S5,S5,S4,S5,S5,S5,0.994,A3L60,,,,,,,
158,S5,S5,S5,S5,S5,S5,S5,S5,S5,S5,S5,S5,S5,S5,S5,S5,S5,S5,S5,S5,S5,S4,S5,S5,S5,0.994,A3L60,,,,,,,
159,S5,S5,S5,S5,S5,S5,S5,S5,S5,S5,S5,S5,S5,S5,S5,S5,S5,S5,S5,S5,S5,S4,S5,S5,S5,0.994,A3L60,,,,,,,
160,S5,S5,S5,S5,S5,S5,S5,S5,S5,S5,S5,S5,S5,S5,S5,S5,S5,S5,S5,S5,S5,S4,S5,S5,S5,0.994,A3L60,,,,,,,
161,S5,S5,S5,S5,S5,S5,S5,S5,S5,S5,S5,S5,S5,S5,S5,S5,S5,S5,S5,S5,S5,S4,S5,S5,S5,0.994,A3L60,,,,,,,
162,S5,S5,S5,S5,S5,S5,S5,S5,S5,S5,S5,S5,S5,S5,S5,S5,S5,S5,S5,S5,S5,S4,S5,S5,S5,0.994,A3L60,,,,,,,
163,S5,S5,S5,S5,S5,S5,S5,S5,S5,S5,S5,S5,S5,S5,S5,S5,S5,S5,S5,S5,S5,S4,S5,S5,S5,0.994,A3L60,,,,,,,
164,S5,S5,S5,S5,S5,S5,S5,S5,S5,S5,S5,S5,S5,S5,S5,S5,S5,S5,S5,S5,S5,S4,S5,S5,S5,0.994,A3L60,,,,,,,
165,S5,S5,S5,S5,S5,S5,S5,S5,S5,S5,S5,S5,S5,S5,S5,S5,S5,S5,S5,S5,S5,S4,S5,S5,S5,0.994,A3L60,,,,,,,
1,S3,S5,S5,S5,S5,S5,S4,S5,S5,S4,S5,S5,S5,S5,S5,S5,S5,S5,S5,S5,S5,S4,S5,S5,S2,0.908,93680,,,,,,,
2,S3,S5,S5,S5,S5,S5,S4,S5,S5,S4,S5,S5,S5,S5,S5,S5,S5,S5,S5,S5,S5,S4,S5,S5,S2,0.908,93680,0.5,04/05/2009,C0= VIENTOS FUERTES,"ARQUEO DEL CONDUCTOR DE LA FASE ""B"" A POSTE DE RETENIDA DE CIRCUITO DE DISTRIBUCION DE BAJA TENSION,  EN CLARO DE ESTRUCTURAS Nos. 2 Y 3, PROVOCADO POR FUERTES VIENTOS",,04/05/2009,C0
3,S3,S5,S5,S5,S5,S5,S4,S5,S5,S4,S5,S5,S5,S5,S5,S5,S5,S5,S5,S5,S5,S4,S5,S5,S2,0.908,93680,,,,,,,
4,S3,S5,S5,S5,S5,S5,S4,S5,S5,S4,S5,S5,S5,S5,S5,S5,S5,S5,S5,S5,S5,S4,S5,S5,S2,0.908,93680,,,,,,,
5,S3,S5,S5,S5,S5,S5,S4,S5,S5,S4,S5,S5,S5,S5,S5,S5,S5,S5,S5,S5,S5,S4,S5,S5,S2,0.908,93680,,,,,,,
6,S3,S5,S5,S5,S5,S5,S4,S5,S5,S4,S5,S5,S5,S5,S5,S5,S5,S5,S5,S5,S5,S4,S5,S5,S2,0.908,93680,,,,,,,
7,S3,S5,S5,S5,S5,S5,S4,S5,S5,S4,S5,S5,S5,S5,S5,S5,S5,S5,S5,S5,S5,S4,S5,S5,S2,0.908,93680,,,,,,,
8,S3,S5,S5,S5,S5,S5,S4,S5,S5,S4,S5,S5,S5,S5,S5,S5,S5,S5,S5,S5,S5,S4,S5,S5,S2,0.908,93680,,,,,,,
9,S3,S5,S5,S5,S5,S5,S4,S5,S5,S4,S5,S5,S5,S5,S5,S5,S5,S5,S5,S5,S5,S4,S5,S5,S2,0.908,93680,,,,,,,
10,S3,S5,S5,S5,S5,S5,S4,S5,S5,S4,S5,S5,S5,S5,S5,S5,S5,S5,S5,S5,S5,S4,S5,S5,S2,0.908,93680,,,,,,,
11,S3,S5,S5,S5,S5,S5,S4,S5,S5,S4,S5,S5,S5,S5,S5,S5,S5,S5,S5,S5,S5,S4,S5,S5,S2,0.908,93680,,,,,,,
12,S3,S5,S5,S5,S5,S5,S4,S5,S5,S4,S5,S5,S5,S5,S5,S5,S5,S5,S5,S5,S5,S4,S5,S5,S2,0.908,93680,,,,,,,
13,S3,S5,S5,S5,S5,S5,S4,S5,S5,S4,S5,S5,S5,S5,S5,S5,S5,S5,S5,S5,S5,S4,S5,S5,S2,0.908,93680,,,,,,,
14,S3,S5,S5,S5,S5,S5,S4,S5,S5,S4,S5,S5,S5,S5,S5,S5,S5,S5,S5,S5,S5,S4,S5,S5,S2,0.908,93680,,,,,,,
15,S3,S5,S5,S5,S5,S5,S4,S5,S5,S4,S5,S5,S5,S5,S5,S5,S5,S5,S5,S5,S5,S4,S5,S5,S2,0.908,93680,,,,,,,
16,S3,S5,S5,S5,S5,S5,S4,S5,S5,S4,S5,S5,S5,S5,S5,S5,S5,S5,S5,S5,S5,S4,S5,S5,S2,0.908,93680,,,,,,,
17,S3,S5,S5,S5,S5,S5,S4,S5,S5,S4,S5,S5,S5,S5,S5,S5,S5,S5,S5,S5,S5,S4,S5,S5,S2,0.908,93680,,,,,,,
18,S3,S5,S5,S5,S5,S5,S4,S5,S5,S4,S5,S5,S5,S5,S5,S5,S5,S5,S5,S5,S5,S4,S5,S5,S2,0.908,93680,,,,,,,
19,S3,S5,S5,S5,S5,S5,S5,S5,S5,S5,S5,S5,S5,S5,S5,S5,S5,S5,S5,S5,S5,S4,S5,S5,S5,0.954,93680,,,,,,,
20,S3,S5,S5,S5,S5,S5,S5,S5,S5,S5,S5,S5,S5,S5,S5,S5,S5,S5,S5,S5,S5,S4,S5,S5,S5,0.954,93680,,,,,,,
21,S5,S5,S5,S5,S5,S5,S5,S5,S5,S5,S5,S5,S5,S5,S5,S5,S5,S5,S5,S5,S5,S4,S5,S5,S5,0.994,93680,,,,,,,
22,S5,S5,S5,S5,S5,S5,S5,S5,S5,S5,S5,S5,S5,S5,S5,S5,S5,S5,S5,S5,S5,S4,S5,S5,S5,0.994,93680,,,,,,,
23,S5,S5,S5,S5,S5,S5,S5,S5,S5,S5,S5,S5,S5,S5,S5,S5,S5,S5,S5,S5,S5,S4,S5,S5,S5,0.994,93680,,,,,,,
24,S5,S5,S5,S5,S5,S5,S5,S5,S5,S5,S5,S5,S5,S5,S5,S5,S5,S5,S5,S5,S5,S4,S5,S5,S5,0.994,93680,,,,,,,
25,S5,S5,S5,S5,S5,S5,S5,S5,S5,S5,S5,S5,S5,S5,S5,S5,S5,S5,S5,S5,S5,S4,S5,S5,S5,0.994,93680,,,,,,,
26,S5,S5,S5,S5,S5,S5,S5,S5,S5,S5,S5,S5,S5,S5,S5,S5,S5,S5,S5,S5,S5,S4,S5,S5,S5,0.994,93680,,,,,,,
27,S5,S5,S5,S5,S5,S5,S5,S5,S5,S5,S5,S5,S5,S5,S5,S5,S5,S5,S5,S5,S5,S4,S5,S5,S5,0.994,93680,,,,,,,
28,S5,S5,S5,S5,S5,S5,S5,S5,S5,S5,S5,S5,S5,S5,S5,S5,S5,S5,S5,S5,S5,S4,S5,S5,S5,0.994,93680,,,,,,,
29,S5,S5,S5,S5,S5,S5,S5,S5,S5,S5,S5,S5,S5,S5,S5,S5,S5,S5,S5,S5,S5,S4,S5,S5,S5,0.994,93680,,,,,,,
30,S5,S5,S5,S5,S5,S5,S5,S5,S5,S5,S5,S5,S5,S5,S5,S5,S5,S5,S5,S5,S5,S4,S5,S5,S5,0.994,93680,,,,,,,
31,S5,S5,S5,S5,S5,S5,S5,S5,S5,S5,S5,S5,S5,S5,S5,S5,S5,S5,S5,S5,S5,S4,S5,S5,S5,0.994,93680,,,,,,,
32,S5,S5,S5,S5,S5,S5,S5,S5,S5,S5,S5,S5,S5,S5,S5,S5,S5,S5,S5,S5,S5,S4,S5,S5,S5,0.994,93680,,,,,,,
33,S5,S5,S5,S5,S5,S5,S5,S5,S5,S5,S5,S5,S5,S5,S5,S5,S5,S5,S5,S5,S5,S4,S5,S5,S5,0.994,93680,,,,,,,
34,S5,S5,S5,S5,S5,S5,S5,S5,S5,S5,S5,S5,S5,S5,S5,S5,S5,S5,S5,S5,S5,S4,S5,S5,S5,0.994,93680,,,,,,,
35,S5,S5,S5,S5,S5,S5,S5,S5,S5,S5,S5,S5,S5,S5,S5,S5,S5,S5,S5,S5,S5,S4,S5,S5,S5,0.994,93680,,,,,,,
36,S5,S5,S5,S5,S5,S5,S5,S5,S5,S5,S5,S5,S5,S5,S5,S5,S5,S5,S5,S5,S5,S4,S5,S5,S5,0.994,93680,,,,,,,
37,S5,S5,S5,S5,S5,S5,S5,S5,S5,S5,S5,S5,S5,S5,S5,S5,S5,S5,S5,S5,S5,S4,S5,S5,S5,0.994,93680,,,,,,,
38,S5,S5,S5,S5,S5,S5,S5,S5,S5,S5,S5,S5,S5,S5,S5,S5,S5,S5,S5,S5,S5,S4,S5,S5,S5,0.994,93680,,,,,,,
39,S5,S5,S5,S5,S5,S5,S5,S5,S5,S5,S5,S5,S5,S5,S5,S5,S5,S5,S5,S5,S5,S4,S5,S5,S5,0.994,93680,,,,,,,
40,S5,S5,S5,S5,S5,S5,S5,S5,S5,S5,S5,S5,S5,S5,S5,S5,S5,S5,S5,S5,S5,S4,S5,S5,S5,0.994,93680,,,,,,,
41,S5,S5,S5,S5,S5,S5,S5,S5,S5,S5,S5,S5,S5,S5,S5,S5,S5,S5,S5,S5,S5,S4,S5,S5,S5,0.994,93680,,,,,,,
42,S5,S5,S5,S5,S5,S5,S5,S5,S5,S5,S5,S5,S5,S5,S5,S5,S5,S5,S5,S5,S5,S4,S5,S5,S5,0.994,93680,,,,,,,
43,S5,S5,S5,S5,S5,S5,S5,S5,S5,S5,S5,S5,S5,S5,S5,S5,S5,S5,S5,S5,S5,S4,S5,S5,S5,0.994,93680,,,,,,,
44,S5,S5,S5,S5,S5,S5,S5,S5,S5,S5,S5,S5,S5,S5,S5,S5,S5,S5,S5,S5,S5,S4,S5,S5,S5,0.994,93680,,,,,,,
45,S5,S5,S5,S5,S5,S5,S5,S5,S5,S5,S5,S5,S5,S5,S5,S5,S5,S5,S5,S5,S5,S4,S5,S5,S5,0.994,93680,,,,,,,
46,S5,S5,S5,S5,S5,S5,S5,S5,S5,S5,S5,S5,S5,S5,S5,S5,S5,S5,S5,S5,S5,S4,S5,S5,S5,0.994,93680,,,,,,,
47,S5,S5,S5,S5,S5,S5,S5,S5,S5,S5,S5,S5,S5,S5,S5,S5,S5,S5,S5,S5,S5,S4,S5,S5,S5,0.994,93680,,,,,,,
48,S5,S5,S5,S5,S5,S5,S5,S5,S5,S5,S5,S5,S5,S5,S5,S5,S5,S5,S5,S5,S5,S4,S5,S5,S5,0.994,93680,,,,,,,
49,S5,S5,S5,S5,S5,S5,S5,S5,S5,S5,S5,S5,S5,S5,S5,S5,S5,S5,S5,S5,S5,S4,S5,S5,S5,0.994,93680,,,,,,,
50,S5,S5,S5,S5,S5,S5,S5,S5,S5,S5,S5,S5,S5,S5,S5,S5,S5,S5,S5,S5,S5,S4,S5,S5,S5,0.994,93680,,,,,,,
51,S5,S5,S5,S5,S5,S5,S5,S5,S5,S5,S5,S5,S5,S5,S5,S5,S5,S5,S5,S5,S5,S4,S5,S5,S5,0.994,93680,,,,,,,
1,S5,S5,S5,S5,S5,S5,S4,S5,S5,S4,S5,S5,S5,S5,S5,S5,S5,S5,S5,S5,S5,S4,S5,S5,S5,0.954,93610,,,,,,,
2,S5,S5,S5,S5,S5,S5,S4,S5,S5,S4,S5,S5,S5,S5,S5,S5,S5,S5,S5,S5,S5,S4,S5,S5,S5,0.954,93610,,,,,,,
3,S5,S5,S5,S5,S5,S5,S4,S5,S5,S4,S5,S5,S5,S5,S5,S5,S5,S5,S5,S5,S5,S4,S5,S5,S5,0.954,93610,,,,,,,
4,S3,S5,S5,S5,S5,S5,S4,S5,S5,S4,S5,S5,S5,S5,S5,S5,S5,S5,S5,S5,S5,S4,S5,S5,S5,0.914,93610,,,,,,,
5,S3,S5,S5,S5,S5,S5,S4,S5,S5,S4,S5,S5,S5,S5,S5,S5,S5,S5,S5,S5,S5,S4,S5,S5,S5,0.914,93610,,,,,,,
6,S3,S5,S5,S5,S5,S5,S4,S5,S5,S4,S5,S5,S5,S5,S5,S5,S5,S5,S5,S5,S5,S4,S5,S5,S5,0.914,93610,,,,,,,
7,S3,S5,S5,S5,S5,S5,S4,S5,S5,S4,S5,S5,S5,S5,S5,S5,S5,S5,S5,S5,S5,S4,S5,S5,S5,0.914,93610,,,,,,,
8,S3,S5,S5,S5,S5,S5,S4,S5,S5,S4,S5,S5,S5,S5,S5,S5,S5,S5,S5,S5,S5,S4,S5,S5,S5,0.914,93610,,,,,,,
9,S3,S5,S5,S5,S5,S5,S4,S5,S5,S4,S5,S5,S5,S5,S5,S5,S5,S5,S5,S5,S5,S4,S5,S5,S5,0.914,93610,,,,,,,
10,S3,S5,S5,S5,S5,S5,S4,S5,S5,S4,S5,S5,S5,S5,S5,S5,S5,S5,S5,S5,S5,S4,S5,S5,S5,0.914,93610,,,,,,,
11,S3,S5,S5,S5,S5,S5,S4,S5,S5,S4,S5,S5,S5,S5,S5,S5,S5,S5,S5,S5,S5,S4,S5,S5,S5,0.914,93610,,,,,,,
12,S3,S5,S5,S5,S5,S5,S4,S5,S5,S4,S5,S5,S5,S5,S5,S5,S5,S5,S5,S5,S5,S4,S5,S5,S5,0.914,93610,,,,,,,
13,S5,S5,S5,S5,S5,S5,S4,S5,S5,S4,S5,S5,S5,S5,S5,S5,S5,S5,S5,S5,S5,S4,S5,S5,S5,0.954,93610,,,,,,,
14,S5,S5,S5,S5,S5,S5,S4,S5,S5,S4,S5,S5,S5,S5,S5,S5,S5,S5,S5,S5,S5,S4,S5,S5,S5,0.954,93610,,,,,,,
15,S5,S5,S5,S5,S5,S5,S4,S5,S5,S4,S5,S5,S5,S5,S5,S5,S5,S5,S5,S5,S5,S4,S5,S5,S5,0.954,93610,,,,,,,
16,S5,S5,S5,S5,S5,S5,S4,S5,S5,S4,S5,S5,S5,S5,S5,S5,S5,S5,S5,S5,S5,S4,S5,S5,S5,0.954,93610,,,,,,,
17,S5,S5,S5,S5,S5,S5,S4,S5,S5,S4,S5,S5,S5,S5,S5,S5,S5,S5,S5,S5,S5,S4,S5,S5,S5,0.954,93610,,,,,,,
18,S5,S5,S5,S5,S5,S5,S4,S5,S5,S4,S5,S5,S5,S5,S5,S5,S5,S5,S5,S5,S5,S4,S5,S5,S5,0.954,93610,,,,,,,
19,S3,S5,S5,S5,S5,S5,S4,S5,S5,S4,S5,S5,S5,S5,S5,S5,S5,S5,S5,S5,S5,S4,S5,S5,S5,0.914,93610,,,,,,,
20,S3,S5,S5,S5,S5,S5,S4,S5,S5,S4,S5,S5,S5,S5,S5,S5,S5,S5,S5,S5,S5,S4,S5,S5,S5,0.914,93610,,,,,,,
21,S3,S5,S5,S5,S5,S5,S4,S5,S5,S4,S5,S5,S5,S5,S5,S5,S5,S5,S5,S5,S5,S4,S5,S5,S5,0.914,93610,,,,,,,
22,S3,S5,S5,S5,S5,S5,S4,S5,S5,S4,S5,S5,S5,S5,S5,S5,S5,S5,S5,S5,S5,S4,S5,S5,S5,0.914,93610,,,,,,,
23,S3,S5,S5,S5,S5,S5,S4,S5,S5,S4,S5,S5,S5,S5,S5,S5,S5,S5,S5,S5,S5,S4,S5,S5,S5,0.914,93610,,,,,,,
24,S3,S5,S5,S5,S5,S5,S4,S5,S5,S4,S5,S5,S5,S5,S5,S5,S5,S5,S5,S5,S5,S4,S5,S5,S5,0.914,93610,,,,,,,
25,S5,S5,S5,S5,S5,S5,S4,S5,S5,S4,S5,S5,S5,S5,S5,S5,S5,S5,S5,S5,S5,S4,S5,S5,S5,0.954,93610,,,,,,,
26,S5,S5,S5,S5,S5,S5,S4,S5,S5,S4,S5,S5,S5,S5,S5,S5,S5,S5,S5,S5,S5,S4,S5,S5,S5,0.954,93610,,,,,,,
27,S5,S5,S5,S5,S5,S5,S4,S5,S5,S4,S5,S5,S5,S5,S5,S5,S5,S5,S5,S5,S5,S4,S5,S5,S5,0.954,93610,,,,,,,
28,S5,S5,S5,S5,S5,S5,S4,S5,S5,S4,S5,S5,S5,S5,S5,S5,S5,S5,S5,S5,S5,S4,S5,S5,S5,0.954,93610,,,,,,,
29,S5,S5,S5,S5,S5,S5,S4,S5,S5,S4,S5,S5,S5,S5,S5,S5,S5,S5,S5,S5,S5,S4,S5,S5,S5,0.954,93610,,,,,,,
30,S3,S5,S5,S5,S5,S5,S4,S5,S5,S4,S5,S5,S5,S5,S5,S5,S5,S5,S5,S5,S5,S4,S5,S5,S5,0.914,93610,,,,,,,
31,S5,S5,S5,S5,S5,S5,S4,S5,S5,S4,S5,S5,S5,S5,S5,S5,S5,S5,S5,S5,S5,S4,S5,S5,S5,0.954,93610,,,,,,,
32,S5,S5,S5,S5,S5,S5,S4,S5,S5,S4,S5,S5,S5,S5,S5,S5,S5,S5,S5,S5,S5,S4,S5,S5,S5,0.954,93610,,,,,,,
33,S5,S5,S5,S5,S5,S5,S4,S5,S5,S4,S5,S5,S5,S5,S5,S5,S5,S5,S5,S5,S5,S4,S5,S5,S5,0.954,93610,,,,,,,
34,S3,S5,S5,S5,S5,S5,S4,S5,S5,S4,S5,S5,S5,S5,S5,S5,S5,S5,S5,S5,S5,S4,S5,S5,S5,0.914,93610,,,,,,,
35,S3,S5,S5,S5,S5,S5,S4,S5,S5,S4,S5,S5,S5,S5,S5,S5,S5,S5,S5,S5,S5,S4,S5,S5,S5,0.914,93610,,,,,,,
36,S3,S5,S5,S5,S5,S5,S4,S5,S5,S4,S5,S5,S5,S5,S5,S5,S5,S5,S5,S5,S5,S4,S5,S5,S5,0.914,93610,,,,,,,
37,S3,S5,S5,S5,S5,S5,S4,S5,S5,S4,S5,S5,S5,S5,S5,S5,S5,S5,S5,S5,S5,S4,S5,S5,S5,0.914,93610,17.3,13/08/2008,B0= DESCARGA ATMOSFERICA,"FUERTES LLUVIAS CON DESCARGAS ATMOSFERICAS AL MOMENTO DEL DISPARO CADENA DE AISLAMIENTO FLAMEADA EN LA FASE ""A""EN LA ESTRUCTURA No.23",,13/08/2008,B0
38,S3,S5,S5,S5,S5,S5,S4,S5,S5,S4,S5,S5,S5,S5,S5,S5,S5,S5,S5,S5,S5,S4,S5,S5,S5,0.914,93610,,,,,,,
39,S3,S5,S5,S5,S5,S5,S4,S5,S5,S4,S5,S5,S5,S5,S5,S5,S5,S5,S5,S5,S5,S4,S5,S5,S5,0.914,93610,,,,,,,
40,S3,S5,S5,S5,S5,S5,S4,S5,S5,S4,S5,S5,S5,S5,S5,S5,S5,S5,S5,S5,S5,S4,S5,S5,S5,0.914,93610,,,,,,,
41,S3,S5,S5,S5,S5,S5,S4,S5,S5,S4,S5,S5,S5,S5,S5,S5,S5,S5,S5,S5,S5,S4,S5,S5,S5,0.914,93610,,,,,,,
42,S3,S5,S5,S5,S5,S5,S4,S5,S5,S4,S5,S5,S5,S5,S5,S5,S5,S5,S5,S5,S5,S4,S5,S5,S5,0.914,93610,,,,,,,
43,S5,S5,S5,S5,S5,S5,S4,S5,S5,S4,S5,S5,S5,S5,S5,S5,S5,S5,S5,S5,S5,S4,S5,S5,S5,0.954,93610,,,,,,,
44,S3,S5,S5,S5,S5,S5,S4,S5,S5,S4,S2,S5,S5,S5,S5,S5,S5,S5,S5,S5,S5,S4,S5,S5,S5,0.896,93610,,,,,,,
45,S3,S5,S5,S5,S5,S5,S4,S5,S5,S4,S5,S5,S5,S5,S5,S5,S5,S5,S5,S5,S5,S4,S5,S5,S5,0.914,93610,,,,,,,
46,S3,S5,S5,S5,S5,S5,S4,S5,S5,S4,S5,S5,S5,S5,S5,S5,S5,S5,S5,S5,S5,S4,S5,S5,S5,0.914,93610,,,,,,,
47,S3,S5,S5,S5,S5,S5,S4,S5,S5,S4,S5,S5,S5,S5,S5,S5,S5,S5,S5,S5,S5,S4,S5,S5,S5,0.914,93610,,,,,,,
48,S3,S5,S5,S5,S5,S5,S4,S5,S5,S2,S5,S5,S5,S5,S5,S5,S5,S5,S5,S5,S5,S4,S5,S5,S5,0.874,93610,,,,,,,
49,S3,S5,S5,S5,S5,S5,S4,S5,S5,S4,S5,S5,S5,S5,S5,S5,S5,S5,S5,S5,S5,S4,S5,S5,S5,0.914,93610,,,,,,,
50,S3,S5,S5,S5,S5,S5,S4,S5,S5,S4,S5,S5,S5,S5,S5,S5,S5,S5,S5,S5,S5,S4,S5,S5,S5,0.914,93610,,,,,,,
51,S3,S5,S5,S5,S5,S5,S4,S5,S5,S4,S5,S5,S5,S5,S5,S5,S5,S5,S5,S5,S5,S4,S5,S5,S5,0.914,93610,,,,,,,
52,S3,S5,S5,S5,S5,S5,S4,S5,S5,S4,S5,S5,S5,S5,S5,S5,S5,S5,S5,S5,S5,S4,S5,S5,S5,0.914,93610,,,,,,,
1,S3,S5,S5,S5,S5,S5,S4,S5,S5,S4,S5,S5,S5,S5,S5,S5,S5,S5,S5,S5,S5,S5,S5,S5,S2,0.914,93100,,,,,,,
2,S3,S5,S5,S5,S5,S5,S4,S5,S5,S4,S5,S5,S5,S5,S5,S5,S5,S5,S5,S5,S5,S4,S5,S5,S2,0.908,93100,,,,,,,
3,S3,S5,S5,S5,S5,S5,S4,S5,S5,S4,S5,S5,S5,S5,S5,S5,S5,S5,S5,S5,S5,S4,S5,S5,S2,0.908,93100,,,,,,,
4,S3,S5,S5,S5,S5,S5,S4,S5,S5,S4,S5,S5,S5,S5,S5,S5,S5,S5,S5,S5,S5,S4,S5,S5,S2,0.908,93100,,,,,,,
5,S3,S5,S5,S5,S5,S5,S4,S5,S5,S4,S5,S5,S5,S5,S5,S5,S5,S5,S5,S5,S5,S4,S5,S5,S2,0.908,93100,,,,,,,
6,S3,S5,S5,S5,S5,S5,S4,S5,S5,S4,S5,S5,S5,S5,S5,S5,S5,S5,S5,S5,S5,S4,S5,S5,S2,0.908,93100,,,,,,,
7,S3,S5,S5,S5,S5,S5,S4,S5,S5,S4,S5,S5,S5,S5,S5,S5,S5,S5,S5,S5,S5,S4,S5,S5,S2,0.908,93100,,,,,,,
8,S3,S5,S5,S5,S5,S5,S4,S5,S5,S4,S5,S5,S5,S5,S5,S5,S5,S5,S5,S5,S5,S4,S5,S5,S2,0.908,93100,,,,,,,
9,S3,S5,S5,S5,S5,S5,S4,S5,S5,S4,S5,S5,S5,S5,S5,S5,S5,S5,S5,S5,S5,S4,S5,S5,S2,0.908,93100,,,,,,,
10,S5,S5,S5,S5,S5,S5,S4,S5,S5,S4,S5,S5,S5,S5,S5,S5,S5,S5,S5,S5,S5,S4,S5,S5,S2,0.948,93100,,,,,,,
11,S5,S5,S5,S5,S5,S5,S4,S5,S5,S4,S5,S5,S5,S5,S5,S5,S5,S5,S5,S5,S5,S4,S5,S5,S2,0.948,93100,,,,,,,
12,S5,S5,S5,S5,S5,S5,S4,S5,S5,S4,S5,S5,S5,S5,S5,S5,S5,S5,S5,S5,S5,S4,S5,S5,S2,0.948,93100,,,,,,,
13,S3,S5,S5,S5,S5,S5,S4,S5,S5,S4,S5,S5,S5,S5,S5,S5,S5,S5,S5,S5,S5,S4,S5,S5,S2,0.908,93100,,,,,,,
14,S3,S5,S5,S5,S5,S5,S4,S5,S5,S4,S5,S5,S5,S5,S5,S5,S5,S5,S5,S5,S5,S4,S5,S5,S2,0.908,93100,,,,,,,
15,S5,S5,S5,S5,S5,S5,S4,S5,S5,S4,S5,S5,S5,S5,S5,S5,S5,S5,S5,S5,S5,S4,S3,S5,S2,0.936,93100,,,,,,,
16,S5,S5,S5,S5,S5,S5,S4,S5,S5,S4,S5,S5,S5,S5,S5,S5,S5,S5,S5,S5,S5,S4,S3,S5,S2,0.936,93100,,,,,,,
17,S5,S5,S5,S5,S5,S5,S4,S5,S5,S4,S5,S5,S5,S5,S5,S5,S5,S5,S5,S5,S5,S4,S3,S5,S2,0.936,93100,,,,,,,
18,S5,S5,S5,S5,S5,S5,S4,S5,S5,S4,S5,S5,S5,S5,S5,S5,S5,S5,S5,S5,S5,S4,S3,S5,S2,0.936,93100,,,,,,,
19,S5,S5,S5,S5,S5,S5,S4,S5,S5,S4,S5,S5,S5,S5,S5,S5,S5,S5,S5,S5,S5,S4,S3,S5,S2,0.936,93100,,,,,,,
20,S5,S5,S5,S5,S5,S5,S4,S5,S5,S4,S5,S5,S5,S5,S5,S5,S5,S5,S5,S5,S5,S4,S3,S5,S2,0.936,93100,,,,,,,
21,S5,S5,S5,S5,S5,S5,S4,S5,S5,S4,S5,S5,S5,S5,S5,S5,S5,S5,S5,S5,S5,S4,S3,S5,S2,0.936,93100,,,,,,,
22,S5,S5,S5,S5,S5,S5,S4,S5,S5,S4,S5,S5,S5,S5,S5,S5,S5,S5,S5,S5,S5,S4,S3,S5,S2,0.936,93100,,,,,,,
23,S5,S5,S5,S5,S5,S5,S4,S5,S5,S4,S5,S5,S5,S5,S5,S5,S5,S5,S5,S5,S5,S4,S3,S5,S2,0.936,93100,,,,,,,
24,S5,S5,S5,S5,S5,S5,S4,S5,S5,S4,S5,S5,S5,S5,S5,S5,S5,S5,S5,S5,S5,S4,S3,S5,S2,0.936,93100,,,,,,,
25,S5,S5,S5,S5,S5,S5,S4,S5,S5,S4,S5,S5,S5,S5,S5,S5,S5,S5,S5,S5,S5,S4,S3,S5,S2,0.936,93100,,,,,,,
26,S5,S5,S5,S5,S5,S5,S4,S5,S5,S4,S5,S5,S5,S5,S5,S5,S5,S5,S5,S5,S5,S4,S3,S5,S2,0.936,93100,,,,,,,
27,S5,S5,S5,S5,S5,S5,S4,S5,S5,S4,S5,S5,S5,S5,S5,S5,S5,S5,S5,S5,S5,S4,S3,S5,S2,0.936,93100,,,,,,,
28,S5,S5,S5,S5,S5,S5,S4,S5,S5,S4,S5,S5,S5,S5,S5,S5,S5,S5,S5,S5,S5,S4,S3,S5,S2,0.936,93100,,,,,,,
29,S5,S5,S5,S5,S5,S5,S4,S5,S5,S4,S5,S5,S5,S5,S5,S5,S5,S5,S5,S5,S5,S4,S3,S5,S2,0.936,93100,,,,,,,
30,S5,S5,S5,S5,S5,S5,S4,S5,S5,S4,S5,S5,S5,S5,S5,S5,S5,S5,S5,S5,S5,S4,S3,S5,S2,0.936,93100,,,,,,,
31,S3,S5,S5,S5,S5,S5,S4,S5,S5,S4,S5,S5,S5,S5,S5,S5,S5,S5,S5,S5,S5,S4,S3,S5,S2,0.896,93100,,,,,,,
32,S3,S5,S5,S5,S5,S5,S4,S5,S5,S4,S5,S5,S5,S5,S5,S5,S5,S5,S5,S5,S5,S4,S3,S5,S2,0.896,93100,,,,,,,
33,S3,S5,S5,S5,S5,S5,S4,S5,S5,S4,S5,S5,S5,S5,S5,S5,S5,S5,S5,S5,S5,S4,S3,S5,S2,0.896,93100,,,,,,,
34,S3,S5,S5,S5,S5,S5,S4,S5,S5,S4,S5,S5,S5,S5,S5,S5,S5,S5,S5,S5,S5,S4,S3,S5,S2,0.896,93100,,,,,,,
35,S3,S5,S5,S5,S5,S5,S4,S5,S5,S4,S5,S5,S5,S5,S5,S5,S5,S5,S5,S5,S5,S4,S3,S5,S2,0.896,93100,,,,,,,
36,S3,S5,S5,S5,S5,S5,S4,S5,S5,S4,S5,S5,S5,S5,S5,S5,S5,S5,S5,S5,S5,S4,S3,S5,S2,0.896,93100,,,,,,,
37,S3,S5,S5,S5,S5,S5,S4,S5,S5,S4,S5,S5,S5,S5,S5,S5,S5,S5,S5,S5,S5,S4,S3,S5,S2,0.896,93100,,,,,,,
38,S3,S5,S5,S5,S5,S5,S4,S5,S5,S4,S5,S5,S5,S5,S5,S5,S5,S5,S5,S5,S5,S4,S3,S5,S2,0.896,93100,,,,,,,
39,S3,S5,S5,S5,S5,S5,S4,S5,S5,S4,S5,S5,S5,S5,S5,S5,S5,S5,S5,S5,S5,S4,S3,S5,S2,0.896,93100,,,,,,,
40,S3,S5,S5,S5,S5,S5,S4,S5,S5,S4,S5,S5,S5,S5,S5,S5,S5,S5,S5,S5,S5,S4,S3,S5,S2,0.896,93100,,,,,,,
41,S3,S5,S5,S5,S5,S5,S4,S5,S5,S4,S5,S5,S5,S5,S5,S5,S5,S5,S5,S5,S5,S4,S3,S5,S2,0.896,93100,,,,,,,
42,S3,S5,S5,S5,S5,S5,S4,S5,S5,S4,S5,S5,S5,S5,S5,S5,S5,S5,S5,S5,S5,S4,S3,S5,S2,0.896,93100,,,,,,,
43,S3,S5,S5,S5,S5,S5,S4,S5,S5,S4,S5,S5,S5,S5,S5,S5,S5,S5,S5,S5,S5,S4,S3,S5,S2,0.896,93100,,,,,,,
44,S3,S5,S5,S5,S5,S5,S4,S5,S5,S4,S5,S5,S5,S5,S5,S5,S5,S5,S5,S5,S5,S4,S3,S5,S2,0.896,93100,,,,,,,
45,S3,S5,S5,S5,S5,S5,S4,S5,S5,S4,S5,S5,S5,S5,S5,S5,S5,S5,S5,S5,S5,S4,S3,S5,S2,0.896,93100,,,,,,,
46,S3,S5,S5,S5,S5,S5,S4,S5,S5,S4,S5,S5,S5,S5,S5,S5,S5,S5,S5,S5,S5,S4,S3,S5,S2,0.896,93100,,,,,,,
47,S3,S5,S5,S5,S5,S5,S4,S5,S5,S4,S5,S5,S5,S5,S5,S5,S5,S5,S5,S5,S5,S4,S3,S5,S2,0.896,93100,,,,,,,
48,S3,S5,S5,S5,S5,S5,S4,S5,S5,S4,S5,S5,S5,S5,S5,S5,S5,S5,S5,S5,S5,S4,S3,S5,S2,0.896,93100,,,,,,,
49,S3,S5,S5,S5,S5,S5,S4,S5,S5,S4,S5,S5,S5,S5,S5,S5,S5,S5,S5,S5,S5,S4,S3,S5,S2,0.896,93100,,,,,,,
50,S3,S5,S5,S5,S5,S5,S4,S5,S5,S4,S5,S5,S5,S5,S5,S5,S5,S5,S5,S5,S5,S4,S3,S5,S2,0.896,93100,,,,,,,
51,S3,S5,S5,S5,S5,S5,S4,S5,S5,S4,S5,S5,S5,S5,S5,S5,S5,S5,S5,S5,S5,S4,S3,S5,S2,0.896,93100,,,,,,,
52,S3,S5,S5,S5,S5,S5,S4,S5,S5,S4,S5,S5,S5,S5,S5,S5,S5,S5,S5,S5,S5,S4,S3,S5,S2,0.896,93100,,,,,,,
53,S3,S5,S5,S5,S5,S5,S4,S5,S5,S4,S5,S5,S5,S5,S5,S5,S5,S5,S5,S5,S5,S4,S3,S5,S2,0.896,93100,,,,,,,
54,S3,S5,S5,S5,S5,S5,S4,S5,S5,S4,S5,S5,S5,S5,S5,S5,S5,S5,S5,S5,S5,S4,S3,S5,S2,0.896,93100,,,,,,,
55,S3,S5,S5,S5,S5,S5,S4,S5,S5,S4,S5,S5,S5,S5,S5,S5,S5,S5,S5,S5,S5,S4,S3,S5,S2,0.896,93100,,,,,,,
56,S3,S5,S5,S5,S5,S5,S4,S5,S5,S4,S5,S5,S5,S5,S5,S5,S5,S5,S5,S5,S5,S4,S3,S5,S2,0.896,93100,,,,,,,
57,S3,S5,S5,S5,S5,S5,S4,S5,S5,S4,S5,S5,S5,S5,S5,S5,S5,S5,S5,S5,S5,S4,S3,S5,S2,0.896,93100,,,,,,,
58,S3,S5,S5,S5,S5,S5,S4,S5,S5,S4,S5,S5,S5,S5,S5,S5,S5,S5,S5,S5,S5,S4,S3,S5,S2,0.896,93100,,,,,,,
59,S3,S5,S5,S5,S5,S5,S4,S5,S5,S4,S5,S5,S5,S5,S5,S5,S5,S5,S5,S5,S5,S4,S3,S5,S2,0.896,93100,43.3,10/04/2013,E2.3=EXTRAORDINARIA (ACCIDENTES),GRUA ACERCA PLUMA A CONDUCTOR ROMPIEDO DISTANCIA DIELECTRICA EN CLARO DE EST. Nos. 59 Y 60.,,10/04/2013,E2.3
60,S3,S5,S5,S5,S5,S5,S4,S5,S5,S4,S5,S5,S5,S5,S5,S5,S5,S5,S5,S5,S5,S4,S3,S5,S2,0.896,93100,,,,,,,
61,S3,S5,S5,S5,S5,S5,S4,S5,S5,S4,S5,S5,S5,S5,S5,S5,S5,S5,S5,S5,S5,S4,S3,S5,S2,0.896,93100,,,,,,,
62,S3,S5,S5,S5,S5,S5,S4,S5,S5,S4,S5,S5,S5,S5,S5,S5,S5,S5,S5,S5,S5,S4,S3,S5,S2,0.896,93100,,,,,,,
63,S3,S5,S5,S5,S5,S5,S4,S5,S5,S4,S5,S5,S5,S5,S5,S5,S5,S5,S5,S5,S5,S4,S3,S5,S2,0.896,93100,23.62,07/06/2015,A6= CONTAMINACION,"FLAMEO EN ESTRUCTURA No. 63 FASE ""C"" POR CONTANIMACIÓN POR ESCREMENTO DE AVE",,07/06/2015,A6
64,S3,S5,S5,S5,S5,S5,S4,S5,S5,S4,S5,S5,S5,S5,S5,S5,S5,S5,S5,S5,S5,S4,S3,S5,S2,0.896,93100,,,,,,,
65,S3,S5,S5,S5,S5,S5,S4,S5,S5,S4,S5,S5,S5,S5,S5,S5,S5,S5,S5,S5,S5,S4,S3,S5,S2,0.896,93100,,,,,,,
66,S3,S5,S5,S5,S5,S5,S4,S5,S5,S4,S5,S5,S5,S5,S5,S5,S5,S5,S5,S5,S5,S4,S3,S5,S2,0.896,93100,,,,,,,
67,S3,S5,S5,S5,S5,S5,S4,S5,S5,S4,S5,S5,S5,S5,S5,S5,S5,S5,S5,S5,S5,S4,S3,S5,S2,0.896,93100,,,,,,,
68,S3,S5,S5,S5,S5,S5,S4,S5,S5,S4,S5,S5,S5,S5,S5,S5,S5,S5,S5,S5,S5,S4,S3,S5,S2,0.896,93100,,,,,,,
69,S3,S5,S5,S5,S5,S5,S4,S5,S5,S4,S5,S5,S5,S5,S5,S5,S5,S5,S5,S5,S5,S4,S3,S5,S2,0.896,93100,,,,,,,
70,S3,S5,S5,S5,S5,S5,S4,S5,S5,S4,S5,S5,S5,S5,S5,S5,S5,S5,S5,S5,S5,S4,S3,S5,S2,0.896,93100,,,,,,,
71,S3,S5,S5,S5,S5,S5,S4,S5,S5,S4,S5,S5,S5,S5,S5,S5,S5,S5,S5,S5,S5,S4,S3,S5,S2,0.896,93100,,,,,,,
72,S5,S5,S5,S5,S5,S5,S4,S5,S5,S4,S5,S5,S5,S5,S5,S5,S5,S5,S5,S5,S5,S4,S3,S5,S2,0.936,93100,,,,,,,
73,S5,S5,S5,S5,S5,S5,S4,S5,S5,S4,S5,S5,S5,S5,S5,S5,S5,S5,S5,S5,S5,S4,S3,S5,S2,0.936,93100,,,,,,,
74,S5,S5,S5,S5,S5,S5,S4,S5,S5,S4,S5,S5,S5,S5,S5,S5,S5,S5,S5,S5,S5,S4,S3,S5,S2,0.936,93100,,,,,,,
75,S5,S5,S5,S5,S5,S5,S4,S5,S5,S4,S5,S5,S5,S5,S5,S5,S5,S5,S5,S5,S5,S4,S3,S5,S2,0.936,93100,,,,,,,
76,S5,S5,S5,S5,S5,S5,S4,S5,S5,S4,S5,S5,S5,S5,S5,S5,S5,S5,S5,S5,S5,S4,S3,S5,S2,0.936,93100,,,,,,,
77,S5,S5,S5,S5,S5,S5,S4,S5,S5,S4,S5,S5,S5,S5,S5,S5,S5,S5,S5,S5,S5,S4,S3,S5,S2,0.936,93100,,,,,,,
78,S5,S5,S5,S5,S5,S5,S4,S5,S5,S4,S5,S5,S5,S5,S5,S5,S5,S5,S5,S5,S5,S4,S3,S5,S2,0.936,93100,,,,,,,
79,S3,S5,S5,S5,S5,S5,S4,S5,S5,S4,S5,S5,S5,S5,S5,S5,S5,S5,S5,S5,S5,S4,S3,S5,S2,0.896,93100,,,,,,,
80,S3,S5,S5,S5,S5,S5,S4,S5,S5,S4,S5,S5,S5,S5,S5,S5,S5,S5,S5,S5,S5,S4,S3,S5,S2,0.896,93100,,,,,,,
81,S5,S5,S5,S5,S5,S5,S4,S5,S5,S4,S5,S5,S5,S5,S5,S5,S5,S5,S5,S5,S5,S4,S3,S5,S2,0.936,93100,,,,,,,
82,S5,S5,S5,S5,S5,S5,S4,S5,S5,S4,S5,S5,S5,S5,S5,S5,S5,S5,S5,S5,S5,S4,S3,S5,S2,0.936,93100,,,,,,,
83,S5,S5,S5,S5,S5,S5,S4,S5,S5,S4,S5,S5,S5,S5,S5,S5,S5,S5,S5,S5,S5,S4,S3,S5,S2,0.936,93100,,,,,,,
84,S5,S5,S5,S5,S5,S5,S4,S5,S5,S4,S5,S5,S5,S5,S5,S5,S5,S5,S5,S5,S5,S4,S3,S5,S2,0.936,93100,,,,,,,
85,S5,S5,S5,S5,S5,S5,S4,S5,S5,S4,S5,S5,S5,S5,S5,S5,S5,S5,S5,S5,S5,S4,S3,S5,S2,0.936,93100,,,,,,,
86,S5,S5,S5,S5,S5,S5,S4,S5,S5,S4,S5,S5,S5,S5,S5,S5,S5,S5,S5,S5,S5,S4,S3,S5,S2,0.936,93100,,,,,,,
87,S5,S5,S5,S5,S5,S5,S4,S5,S5,S4,S5,S5,S5,S5,S5,S5,S5,S5,S5,S5,S5,S4,S3,S5,S2,0.936,93100,,,,,,,
88,S5,S5,S5,S5,S5,S5,S4,S5,S5,S4,S5,S5,S5,S5,S5,S5,S5,S5,S5,S5,S5,S4,S3,S5,S2,0.936,93100,,,,,,,
89,S5,S5,S5,S5,S5,S5,S4,S5,S5,S4,S5,S5,S5,S5,S5,S5,S5,S5,S5,S5,S5,S4,S3,S5,S2,0.936,93100,,,,,,,
90,S5,S5,S5,S5,S5,S5,S4,S5,S5,S4,S5,S5,S5,S5,S5,S5,S5,S5,S5,S5,S5,S4,S3,S5,S2,0.936,93100,,,,,,,
91,S5,S5,S5,S5,S5,S5,S4,S5,S5,S4,S5,S5,S5,S5,S5,S5,S5,S5,S5,S5,S5,S4,S3,S5,S2,0.936,93100,,,,,,,
92,S5,S5,S5,S5,S5,S5,S4,S5,S5,S4,S5,S5,S5,S5,S5,S5,S5,S5,S5,S5,S5,S4,S3,S5,S2,0.936,93100,,,,,,,
93,S5,S5,S5,S5,S5,S5,S4,S5,S5,S4,S5,S5,S5,S5,S5,S5,S5,S5,S5,S5,S5,S4,S3,S5,S2,0.936,93100,,,,,,,
94,S5,S5,S5,S5,S5,S5,S4,S5,S5,S4,S5,S5,S5,S5,S5,S5,S5,S5,S5,S5,S5,S4,S3,S5,S2,0.936,93100,,,,,,,
95,S5,S5,S5,S5,S5,S5,S4,S5,S5,S4,S5,S5,S5,S5,S5,S5,S5,S5,S5,S5,S5,S4,S3,S5,S2,0.936,93100,,,,,,,
96,S5,S5,S5,S5,S5,S5,S4,S5,S5,S4,S5,S5,S5,S5,S5,S5,S5,S5,S5,S5,S5,S4,S3,S5,S2,0.936,93100,,,,,,,
97,S5,S5,S5,S5,S5,S5,S4,S5,S5,S4,S5,S5,S5,S5,S5,S5,S5,S5,S5,S5,S5,S4,S3,S5,S2,0.936,93100,,,,,,,
98,S5,S5,S5,S5,S5,S5,S4,S5,S5,S4,S5,S5,S5,S5,S5,S5,S5,S5,S5,S5,S5,S4,S3,S5,S2,0.936,93100,,,,,,,
99,S5,S5,S5,S5,S5,S5,S4,S5,S5,S4,S5,S5,S5,S5,S5,S5,S5,S5,S5,S5,S5,S4,S3,S5,S2,0.936,93100,,,,,,,
100,S3,S5,S5,S5,S5,S5,S4,S5,S5,S4,S5,S5,S5,S5,S5,S5,S5,S5,S5,S5,S5,S4,S3,S5,S2,0.896,93100,,,,,,,
101,S3,S5,S5,S5,S5,S5,S4,S5,S5,S4,S5,S5,S5,S5,S5,S5,S5,S5,S5,S5,S5,S4,S3,S5,S2,0.896,93100,,,,,,,
102,S3,S5,S5,S5,S5,S5,S4,S5,S5,S4,S5,S5,S5,S5,S5,S5,S5,S5,S5,S5,S5,S4,S3,S5,S2,0.896,93100,,,,,,,
103,S3,S5,S5,S5,S5,S5,S4,S5,S5,S4,S5,S5,S5,S5,S5,S5,S5,S5,S5,S5,S5,S4,S3,S5,S2,0.896,93100,,,,,,,
104,S3,S5,S5,S5,S5,S5,S4,S5,S5,S4,S5,S5,S5,S5,S5,S5,S5,S5,S5,S5,S5,S4,S3,S5,S2,0.896,93100,,,,,,,
105,S3,S5,S5,S5,S5,S5,S4,S5,S5,S4,S5,S5,S5,S5,S5,S5,S5,S5,S5,S5,S5,S4,S3,S5,S2,0.896,93100,,,,,,,
106,S3,S5,S5,S5,S5,S5,S4,S5,S5,S4,S5,S5,S5,S5,S5,S5,S5,S5,S5,S5,S5,S4,S3,S5,S2,0.896,93100,,,,,,,
107,S3,S5,S5,S5,S5,S5,S4,S5,S5,S4,S5,S5,S5,S5,S5,S5,S5,S5,S5,S5,S5,S4,S3,S5,S2,0.896,93100,,,,,,,
108,S3,S5,S5,S5,S5,S5,S4,S5,S5,S4,S5,S5,S5,S5,S5,S5,S5,S5,S5,S5,S5,S4,S3,S5,S2,0.896,93100,,,,,,,
109,S3,S5,S5,S5,S5,S5,S4,S5,S5,S4,S5,S5,S5,S5,S5,S5,S5,S5,S5,S5,S5,S4,S3,S5,S2,0.896,93100,,,,,,,
110,S3,S5,S5,S5,S5,S5,S4,S5,S5,S4,S5,S5,S5,S5,S5,S5,S5,S5,S5,S5,S5,S4,S3,S5,S2,0.896,93100,,,,,,,
111,S3,S5,S5,S5,S5,S5,S4,S5,S5,S4,S5,S5,S5,S5,S5,S5,S5,S5,S5,S5,S5,S4,S3,S5,S2,0.896,93100,,,,,,,
112,S3,S5,S5,S5,S5,S5,S4,S5,S5,S4,S5,S5,S5,S5,S5,S5,S5,S5,S5,S5,S5,S4,S3,S5,S2,0.896,93100,,,,,,,
113,S3,S5,S5,S5,S5,S5,S4,S5,S5,S4,S5,S5,S5,S5,S5,S5,S5,S5,S5,S5,S5,S4,S3,S5,S2,0.896,93100,,,,,,,
114,S3,S5,S5,S5,S5,S5,S4,S5,S5,S4,S5,S5,S5,S5,S5,S5,S5,S5,S5,S5,S5,S4,S3,S5,S2,0.896,93100,,,,,,,
115,S3,S5,S5,S5,S5,S5,S4,S5,S5,S4,S5,S5,S5,S5,S5,S5,S5,S5,S5,S5,S5,S4,S3,S5,S2,0.896,93100,42,31/08/2011,E2.1=EXTRAORDINARIA (VANDALISMO),"ESTA SALIDA FUE OCASIONADA POR FALLA PERMANENTE EN LA ESTRUCTURA NO. 115 (TENSIÓN DEFLEXIÓN), POR DAÑO (ROTOS) EN LOS AISLADORES DE VIDRIO DE LAS TRES FASES POR VANDALISMO.",,30/09/2011,E2.1
116,S3,S5,S5,S5,S5,S5,S4,S5,S5,S4,S5,S5,S5,S5,S5,S5,S5,S5,S5,S5,S5,S4,S3,S5,S2,0.896,93100,43.3,14/04/2013,E2.2=EXTRAORDINARIA (FENOMENOS NATURALES),"DAÑO DE CADENA DE 17 AISLADORES DE VIDRIO, ESTRUCTURA No. 116, FASE ""A"" POR VANDALISMO.",,15/05/2013,E2.2
117,S3,S5,S5,S5,S5,S5,S4,S5,S5,S4,S5,S5,S5,S5,S5,S5,S5,S5,S5,S5,S5,S4,S3,S5,S2,0.896,93100,,,,,,,
118,S3,S5,S5,S5,S5,S5,S4,S5,S5,S4,S5,S5,S5,S5,S5,S5,S5,S5,S5,S5,S5,S4,S3,S5,S2,0.896,93100,,,,,,,
119,S3,S5,S5,S5,S5,S5,S4,S5,S5,S4,S5,S5,S5,S5,S5,S5,S5,S5,S5,S5,S5,S4,S3,S5,S2,0.896,93100,,,,,,,
120,S5,S5,S5,S5,S5,S5,S4,S5,S5,S4,S5,S5,S5,S5,S5,S5,S5,S5,S5,S5,S5,S4,S3,S0,S2,0.926,93100,,,,,,,
121,S5,S5,S5,S5,S5,S5,S4,S5,S5,S4,S5,S5,S5,S5,S5,S5,S5,S5,S5,S5,S5,S4,S3,S0,S2,0.926,93100,,,,,,,
122,S5,S5,S5,S5,S5,S5,S4,S5,S5,S4,S5,S5,S5,S5,S5,S5,S5,S5,S5,S5,S5,S4,S3,S0,S2,0.926,93100,,,,,,,
123,S5,S5,S5,S5,S5,S5,S4,S5,S5,S4,S5,S5,S5,S5,S5,S5,S5,S5,S5,S5,S5,S4,S3,S0,S2,0.926,93100,,,,,,,
124,S5,S5,S5,S5,S5,S5,S4,S5,S5,S4,S5,S5,S5,S5,S5,S5,S5,S5,S5,S5,S5,S4,S3,S0,S2,0.926,93100,,,,,,,
125,S5,S5,S5,S5,S5,S5,S4,S5,S5,S4,S5,S5,S5,S5,S5,S5,S5,S5,S5,S5,S5,S4,S3,S0,S2,0.926,93100,,,,,,,
126,S5,S5,S5,S5,S5,S5,S4,S5,S5,S4,S5,S5,S5,S5,S5,S5,S5,S5,S5,S5,S5,S4,S3,S0,S2,0.926,93100,,,,,,,
127,S5,S5,S5,S5,S5,S5,S4,S5,S5,S4,S5,S5,S5,S5,S5,S5,S5,S5,S5,S5,S5,S4,S3,S0,S2,0.926,93100,,,,,,,
128,S5,S5,S5,S5,S5,S5,S4,S5,S5,S4,S5,S5,S5,S5,S5,S5,S5,S5,S5,S5,S5,S4,S3,S0,S2,0.926,93100,,,,,,,
129,S5,S5,S5,S5,S5,S5,S4,S5,S5,S4,S5,S5,S5,S5,S5,S5,S5,S5,S5,S5,S5,S4,S3,S0,S2,0.926,93100,,,,,,,
130,S5,S5,S5,S5,S5,S5,S4,S5,S5,S4,S5,S5,S5,S5,S5,S5,S5,S5,S5,S5,S5,S4,S3,S0,S2,0.926,93100,,,,,,,
131,S5,S5,S5,S5,S5,S5,S4,S5,S5,S4,S5,S5,S5,S5,S5,S5,S5,S5,S5,S5,S5,S4,S3,S0,S2,0.926,93100,,,,,,,
132,S5,S5,S5,S5,S5,S5,S4,S5,S5,S4,S5,S5,S5,S5,S5,S5,S5,S5,S5,S5,S5,S4,S3,S0,S2,0.926,93100,,,,,,,
133,S5,S5,S5,S5,S5,S5,S4,S5,S5,S4,S5,S5,S5,S5,S5,S5,S5,S5,S5,S5,S5,S4,S3,S0,S2,0.926,93100,,,,,,,
134,S5,S5,S5,S5,S5,S5,S4,S5,S5,S4,S5,S5,S5,S5,S5,S5,S5,S5,S5,S5,S5,S4,S3,S0,S2,0.926,93100,,,,,,,
135,S5,S5,S5,S5,S5,S5,S4,S5,S5,S4,S5,S5,S5,S5,S5,S5,S5,S5,S5,S5,S5,S4,S3,S0,S2,0.926,93100,,,,,,,
136,S5,S5,S5,S5,S5,S5,S4,S5,S5,S4,S5,S5,S5,S5,S5,S5,S5,S5,S5,S5,S5,S4,S3,S0,S2,0.926,93100,,,,,,,
137,S5,S5,S5,S5,S5,S5,S4,S5,S5,S4,S5,S5,S5,S5,S5,S5,S5,S5,S5,S5,S5,S4,S3,S0,S2,0.926,93100,,,,,,,
138,S5,S5,S5,S5,S5,S5,S4,S5,S5,S4,S5,S5,S5,S5,S5,S5,S5,S5,S5,S5,S5,S4,S3,S0,S2,0.926,93100,,,,,,,
139,S5,S5,S5,S5,S5,S5,S4,S5,S5,S4,S5,S5,S5,S5,S5,S5,S5,S5,S5,S5,S5,S4,S3,S0,S2,0.926,93100,,,,,,,
140,S5,S5,S5,S5,S5,S5,S4,S5,S5,S4,S5,S5,S5,S5,S5,S5,S5,S5,S5,S5,S5,S4,S3,S0,S2,0.926,93100,,,,,,,
141,S5,S5,S5,S5,S5,S5,S4,S5,S5,S4,S5,S5,S5,S5,S5,S5,S5,S5,S5,S5,S5,S4,S3,S0,S2,0.926,93100,,,,,,,
142,S5,S5,S5,S5,S5,S5,S4,S5,S5,S4,S5,S5,S5,S5,S5,S5,S5,S5,S5,S5,S5,S4,S3,S0,S2,0.926,93100,,,,,,,
143,S5,S5,S5,S5,S5,S5,S4,S5,S5,S4,S5,S5,S5,S5,S5,S5,S5,S5,S5,S5,S5,S4,S3,S0,S2,0.926,93100,,,,,,,
144,S5,S5,S5,S5,S5,S5,S4,S5,S5,S4,S5,S5,S5,S5,S5,S5,S5,S5,S5,S5,S5,S4,S3,S0,S2,0.926,93100,,,,,,,
145,S5,S5,S5,S5,S5,S5,S4,S5,S5,S4,S5,S5,S5,S5,S5,S5,S5,S5,S5,S5,S5,S4,S3,S0,S2,0.926,93100,,,,,,,
146,S5,S5,S5,S5,S5,S5,S4,S5,S5,S4,S5,S5,S5,S5,S5,S5,S5,S5,S5,S5,S5,S4,S3,S0,S2,0.926,93100,,,,,,,
147,S5,S5,S5,S5,S5,S5,S4,S5,S5,S4,S5,S5,S5,S5,S5,S5,S5,S5,S5,S5,S5,S4,S3,S0,S2,0.926,93100,,,,,,,
148,S5,S5,S5,S5,S5,S5,S4,S5,S5,S4,S5,S5,S5,S5,S5,S5,S5,S5,S5,S5,S5,S4,S3,S0,S2,0.926,93100,,,,,,,
149,S5,S5,S5,S5,S5,S5,S4,S5,S5,S4,S5,S5,S5,S5,S5,S5,S5,S5,S5,S5,S5,S4,S3,S0,S2,0.926,93100,,,,,,,
150,S5,S5,S5,S5,S5,S5,S4,S5,S5,S4,S5,S5,S5,S5,S5,S5,S5,S5,S5,S5,S5,S4,S3,S0,S2,0.926,93100,,,,,,,
151,S5,S5,S5,S5,S5,S5,S4,S5,S5,S4,S5,S5,S5,S5,S5,S5,S5,S5,S5,S5,S5,S4,S3,S0,S2,0.926,93100,,,,,,,
152,S5,S5,S5,S5,S5,S5,S4,S5,S5,S4,S5,S5,S5,S5,S5,S5,S5,S5,S5,S5,S5,S4,S3,S0,S2,0.926,93100,,,,,,,
153,S5,S5,S5,S5,S5,S5,S4,S5,S5,S4,S5,S5,S5,S5,S5,S5,S5,S5,S5,S5,S5,S4,S3,S0,S2,0.926,93100,,,,,,,
154,S5,S5,S5,S5,S5,S5,S4,S5,S5,S4,S5,S5,S5,S5,S5,S5,S5,S5,S5,S5,S5,S4,S3,S0,S2,0.926,93100,,,,,,,
155,S5,S5,S5,S5,S5,S5,S4,S5,S5,S4,S5,S5,S5,S5,S5,S5,S5,S5,S5,S5,S5,S4,S3,S0,S2,0.926,93100,,,,,,,
156,S5,S5,S5,S5,S5,S5,S4,S5,S5,S4,S5,S5,S5,S5,S5,S5,S5,S5,S5,S5,S5,S4,S3,S0,S2,0.926,93100,,,,,,,
157,S5,S5,S5,S5,S5,S5,S4,S5,S5,S4,S5,S5,S5,S5,S5,S5,S5,S5,S5,S5,S5,S4,S3,S0,S2,0.926,93100,,,,,,,
158,S5,S5,S5,S5,S5,S5,S4,S5,S5,S4,S5,S5,S5,S5,S5,S5,S5,S5,S5,S5,S5,S4,S3,S0,S2,0.926,93100,,,,,,,
159,S5,S5,S5,S5,S5,S5,S4,S5,S5,S4,S5,S5,S5,S5,S5,S5,S5,S5,S5,S5,S5,S4,S3,S0,S2,0.926,93100,,,,,,,
160,S5,S5,S5,S5,S5,S5,S4,S5,S5,S4,S5,S5,S5,S5,S5,S5,S5,S5,S5,S5,S5,S4,S3,S0,S2,0.926,93100,,,,,,,
161,S5,S5,S5,S5,S5,S5,S4,S5,S5,S4,S5,S5,S5,S5,S5,S5,S5,S5,S5,S5,S5,S4,S3,S0,S2,0.926,93100,,,,,,,
162,S5,S5,S5,S5,S5,S5,S4,S5,S5,S4,S5,S5,S5,S5,S5,S5,S5,S5,S5,S5,S5,S4,S3,S0,S2,0.926,93100,,,,,,,
163,S5,S5,S5,S5,S5,S5,S4,S5,S5,S4,S5,S5,S5,S5,S5,S5,S5,S5,S5,S5,S5,S4,S3,S0,S2,0.926,93100,,,,,,,
164,S5,S5,S5,S5,S5,S5,S4,S5,S5,S4,S5,S5,S5,S5,S5,S5,S5,S5,S5,S5,S5,S4,S3,S0,S2,0.926,93100,,,,,,,
165,S5,S5,S5,S5,S5,S5,S4,S5,S5,S4,S5,S5,S5,S5,S5,S5,S5,S5,S5,S5,S5,S4,S3,S0,S2,0.926,93100,63.67,04/08/2012,B0= DESCARGA ATMOSFERICA,"CADENA FLAMEADA EN ESTRUCTURA No. 165,TIPO HORIZONTAL, FASE ""C"" LATERAL.",,05/08/2012,B0
166,S5,S5,S5,S5,S5,S5,S4,S5,S5,S4,S5,S5,S5,S5,S5,S5,S5,S5,S5,S5,S5,S4,S3,S0,S2,0.926,93100,,,,,,,
167,S5,S5,S5,S5,S5,S5,S4,S5,S5,S4,S5,S5,S5,S5,S5,S5,S5,S5,S5,S5,S5,S4,S3,S0,S2,0.926,93100,,,,,,,
168,S5,S5,S5,S5,S5,S5,S4,S5,S5,S4,S5,S5,S5,S5,S5,S5,S5,S5,S5,S5,S5,S4,S3,S0,S2,0.926,93100,,,,,,,
169,S5,S5,S5,S5,S5,S5,S4,S5,S5,S4,S5,S5,S5,S5,S5,S5,S5,S5,S5,S5,S5,S4,S3,S0,S2,0.926,93100,,,,,,,
170,S5,S5,S5,S5,S5,S5,S4,S5,S5,S4,S5,S5,S5,S5,S5,S5,S5,S5,S5,S5,S5,S4,S3,S0,S2,0.926,93100,,,,,,,
171,S5,S5,S5,S5,S5,S5,S4,S5,S5,S4,S5,S5,S5,S5,S5,S5,S5,S5,S5,S5,S5,S4,S3,S0,S2,0.926,93100,,,,,,,
172,S5,S5,S5,S5,S5,S5,S4,S5,S5,S4,S5,S5,S5,S5,S5,S5,S5,S5,S5,S5,S5,S4,S3,S0,S2,0.926,93100,,,,,,,
173,S5,S5,S5,S5,S5,S5,S4,S5,S5,S4,S5,S5,S5,S5,S5,S5,S5,S5,S5,S5,S5,S4,S3,S0,S2,0.926,93100,,,,,,,
174,S5,S5,S5,S5,S5,S5,S4,S5,S5,S4,S5,S5,S5,S5,S5,S5,S5,S5,S5,S5,S5,S4,S3,S0,S2,0.926,93100,,,,,,,
175,S5,S5,S5,S5,S5,S5,S4,S5,S5,S4,S5,S5,S5,S5,S5,S5,S5,S5,S5,S5,S5,S4,S3,S0,S2,0.926,93100,,,,,,,
176,S5,S5,S5,S5,S5,S5,S4,S5,S5,S4,S5,S5,S5,S5,S5,S5,S5,S5,S5,S5,S5,S4,S3,S0,S2,0.926,93100,,,,,,,
177,S5,S5,S5,S5,S5,S5,S4,S5,S5,S4,S5,S5,S5,S5,S5,S5,S5,S5,S5,S5,S5,S4,S3,S0,S2,0.926,93100,,,,,,,
178,S5,S5,S5,S5,S5,S5,S4,S5,S5,S4,S5,S5,S5,S5,S5,S5,S5,S5,S5,S5,S5,S4,S3,S0,S2,0.926,93100,,,,,,,
179,S5,S5,S5,S5,S5,S5,S4,S5,S5,S4,S5,S5,S5,S5,S5,S5,S5,S5,S5,S5,S5,S4,S3,S0,S2,0.926,93100,,,,,,,
180,S5,S5,S5,S5,S5,S5,S4,S5,S5,S4,S5,S5,S5,S5,S5,S5,S5,S5,S5,S5,S5,S4,S3,S0,S2,0.926,93100,,,,,,,
181,S5,S5,S5,S5,S5,S5,S4,S5,S5,S4,S5,S5,S5,S5,S5,S5,S5,S5,S5,S5,S5,S4,S3,S0,S2,0.926,93100,,,,,,,
182,S5,S5,S5,S5,S5,S5,S4,S5,S5,S4,S5,S5,S5,S5,S5,S5,S5,S5,S5,S5,S5,S4,S3,S0,S2,0.926,93100,,,,,,,
183,S5,S5,S5,S5,S5,S5,S4,S5,S5,S4,S5,S5,S5,S5,S5,S5,S5,S5,S5,S5,S5,S4,S3,S0,S2,0.926,93100,,,,,,,
184,S5,S5,S5,S5,S5,S5,S4,S5,S5,S4,S5,S5,S5,S5,S5,S5,S5,S5,S5,S5,S5,S4,S3,S0,S2,0.926,93100,,,,,,,
185,S5,S5,S5,S5,S5,S5,S4,S5,S5,S4,S5,S5,S5,S5,S5,S5,S5,S5,S5,S5,S5,S4,S3,S0,S2,0.926,93100,,,,,,,
186,S5,S5,S5,S5,S5,S5,S4,S5,S5,S4,S5,S5,S5,S5,S5,S5,S5,S5,S5,S5,S5,S4,S3,S0,S2,0.926,93100,,,,,,,
187,S5,S5,S5,S5,S5,S5,S4,S5,S5,S4,S5,S5,S5,S5,S5,S5,S5,S5,S5,S5,S5,S4,S3,S0,S2,0.926,93100,,,,,,,
188,S5,S5,S5,S5,S5,S5,S4,S5,S5,S4,S5,S5,S5,S5,S5,S5,S5,S5,S5,S5,S5,S4,S3,S0,S2,0.926,93100,,,,,,,
189,S5,S5,S5,S5,S5,S5,S4,S5,S5,S4,S5,S5,S5,S5,S5,S5,S5,S5,S5,S5,S5,S4,S3,S0,S2,0.926,93100,,,,,,,
190,S5,S5,S5,S5,S5,S5,S4,S5,S5,S4,S5,S5,S5,S5,S5,S5,S5,S5,S5,S5,S5,S4,S3,S0,S2,0.926,93100,,,,,,,
191,S5,S5,S5,S5,S5,S5,S4,S5,S5,S5,S5,S5,S5,S5,S5,S4,S5,S5,S5,S5,S5,S5,S5,S0,S2,0.958,93100,,,,,,,
192,S5,S5,S5,S5,S5,S5,S4,S5,S5,S5,S5,S5,S5,S5,S5,S4,S5,S5,S5,S5,S5,S5,S5,S0,S2,0.958,93100,,,,,,,
,,,,,,,,,,,,,,,,,,,,,,,,,,,,,,,,,,
,,,,,,,,,,,,,,,,,,,,,,,,,,,93610,,29/07/2006,B0= DESCARGA ATMOSFERICA,,,,
,,,,,,,,,,,,,,,,,,,,,,,,,,,93610,,29/07/2008,C0= VIENTOS FUERTES,"FUERTES VIENTOS Y LLUVIAS CON GRANIZO AL MOMENTO DEL DISPARO ARQUEO DEL CONDUCTOR A CRUCETA DE ESTRUCTURA AUTOSOPORTADA DE LINEA DE 115KV, EN CLARO DE ESTRUCTURAS 37 Y 38",,29/07/2008,C0
231,,,,,,,,,,,,,,,,,,,,,,,,,,,A3L60,16,13/06/2013,B0= DESCARGA ATMOSFERICA,"CADENA FLAMEADA ESTRUCTURA No. 231 DE SUSPENSION FASE ""B"" INFERIOR.",,27/06/2013,B0
,,,,,,,,,,,,,,,,,,,,,,,,,,,A3L60,20.95,08/10/2009,B0= DESCARGA ATMOSFERICA,,,,B0
,,,,,,,,,,,,,,,,,,,,,,,,,,,93100,71,19/11/2014,C2= QUEMA DE BOSQUE,"QUEMA DE MATORRALES (PLANTAS RODANTES), FUERA DERECHO DE VIA, PRESENTÁNDOSE ARCO ELÉCTRICO EN CONDUCTORES DE LAS FASES “B” Y “C”, CAUSADO INTENCIONALMENTE POR PERSONAL VÁNDALOS.",,19/11/2014,C2
