AB,ST,EHG,AP,CHCH,BC,CIM,PCI,DES,EST,LC,FA,CAA,CEXA,CHC,CHH,CAMG,COND,CECN,SEP,CE,BRE,ACC,COM,NOMS,FALLAS2
S5,S5,S5,S5,S5,S5,S4,S5,S5,S4,S5,S5,S5,S5,S4,S4,S5,S5,S5,S5,S5,S4,S5,S5,S2,
S5,S5,S5,S5,S5,S5,S4,S5,S5,S4,S5,S5,S5,S5,S5,S5,S5,S5,S5,S5,S5,S4,S3,S0,S2,
S5,S5,S5,S5,S5,S5,S4,S5,S5,S4,S5,S5,S5,S5,S5,S5,S5,S5,S5,S5,S5,S4,S3,S0,S2,
S3,S5,S5,S5,S5,S5,S4,S5,S5,S4,S5,S5,S5,S5,S5,S5,S5,S5,S5,S5,S5,S4,S5,S5,S2,
S5,S5,S5,S5,S5,S5,S5,S5,S5,S5,S5,S5,S5,S5,S5,S5,S5,S5,S5,S5,S5,S4,S5,S5,S5,
S5,S5,S5,S5,S5,S5,S5,S5,S5,S5,S5,S5,S5,S5,S5,S5,S5,S5,S5,S5,S5,S4,S5,S5,S5,
S5,S5,S5,S5,S5,S5,S4,S5,S5,S4,S5,S5,S5,S5,S5,S5,S5,S5,S5,S5,S5,S4,S3,S5,S2,
S3,S5,S5,S5,S5,S5,S4,S5,S5,S4,S5,S5,S5,S5,S5,S5,S5,S5,S5,S5,S5,S4,S5,S5,S5,
S5,S5,S5,S5,S5,S5,S5,S5,S5,S5,S5,S5,S5,S5,S5,S5,S5,S5,S5,S5,S5,S4,S5,S5,S5,
S5,S5,S5,S5,S5,S5,S5,S5,S5,S5,S5,S5,S5,S5,S5,S5,S5,S5,S5,S5,S5,S4,S5,S5,S5,
S5,S5,S5,S5,S5,S5,S4,S5,S5,S4,S5,S5,S5,S5,S5,S5,S5,S5,S5,S5,S5,S4,S3,S5,S2,
S3,S5,S5,S5,S5,S5,S4,S5,S5,S4,S5,S5,S5,S5,S5,S5,S5,S5,S5,S5,S5,S4,S3,S5,S2,E2.1
S5,S5,S5,S5,S5,S5,S5,S5,S5,S5,S5,S5,S5,S5,S5,S5,S5,S5,S5,S5,S5,S4,S5,S5,S5,
S5,S5,S5,S5,S5,S5,S5,S5,S5,S5,S5,S5,S5,S5,S5,S5,S5,S5,S5,S5,S5,S4,S5,S5,S5,
S3,S5,S5,S5,S5,S5,S4,S5,S5,S4,S5,S5,S5,S5,S5,S5,S5,S5,S5,S5,S5,S4,S5,S5,S5,
S5,S5,S5,S5,S5,S5,S5,S5,S5,S5,S5,S5,S5,S5,S5,S5,S5,S5,S5,S5,S5,S4,S5,S5,S5,
S5,S5,S5,S5,S5,S5,S4,S5,S5,S4,S5,S5,S5,S5,S5,S5,S5,S5,S5,S5,S5,S4,S3,S0,S2,
S5,S5,S5,S5,S5,S5,S4,S5,S5,S4,S5,S5,S5,S5,S4,S4,S5,S5,S5,S5,S5,S4,S5,S5,S2,
S3,S5,S5,S5,S5,S5,S4,S5,S5,S4,S5,S5,S5,S5,S5,S5,S5,S5,S5,S5,S5,S4,S3,S5,S2,
S5,S5,S5,S5,S5,S5,S5,S5,S5,S5,S5,S5,S5,S5,S5,S5,S5,S5,S5,S5,S5,S4,S5,S5,S5,
S5,S5,S5,S5,S5,S5,S5,S5,S5,S5,S5,S5,S5,S5,S5,S5,S5,S5,S5,S5,S5,S4,S5,S5,S5,
S5,S5,S5,S5,S5,S5,S5,S5,S5,S5,S5,S5,S5,S5,S5,S5,S5,S5,S5,S5,S5,S4,S5,S5,S5,
S5,S5,S5,S5,S5,S5,S4,S5,S5,S4,S5,S5,S5,S5,S5,S5,S5,S5,S5,S5,S5,S4,S3,S0,S2,
S5,S2,S5,S5,S5,S5,S5,S5,S5,S5,S5,S5,S5,S5,S5,S5,S5,S5,S5,S5,S5,S4,S5,S0,S5,
S5,S5,S5,S5,S5,S5,S4,S5,S5,S4,S5,S5,S5,S5,S4,S4,S5,S5,S5,S5,S5,S4,S2,S5,S2,
S5,S5,S5,S5,S5,S5,S4,S5,S5,S4,S5,S5,S5,S5,S5,S5,S5,S5,S5,S5,S5,S4,S3,S5,S2,
S5,S5,S5,S5,S5,S5,S4,S5,S5,S4,S5,S5,S5,S5,S5,S5,S5,S5,S5,S5,S5,S4,S3,S5,S2,
S5,S5,S5,S5,S5,S5,S5,S5,S5,S5,S5,S5,S5,S5,S5,S5,S5,S5,S5,S5,S5,S4,S5,S5,S5,
S5,S5,S5,S5,S5,S5,S4,S5,S5,S4,S5,S5,S5,S5,S5,S5,S5,S5,S5,S5,S5,S4,S3,S0,S2,
S5,S5,S5,S5,S5,S5,S4,S5,S5,S4,S5,S5,S5,S5,S5,S5,S5,S5,S5,S5,S5,S4,S3,S5,S2,
S5,S5,S5,S5,S5,S5,S5,S5,S5,S5,S5,S5,S5,S5,S5,S5,S5,S5,S5,S5,S5,S4,S5,S5,S5,
S5,S5,S5,S5,S5,S5,S5,S5,S5,S5,S5,S5,S5,S5,S5,S5,S5,S5,S5,S5,S5,S4,S5,S5,S5,
S5,S5,S5,S5,S5,S5,S5,S5,S5,S5,S5,S5,S5,S5,S5,S5,S5,S5,S5,S5,S5,S4,S5,S0,S5,
S5,S5,S5,S5,S5,S5,S4,S5,S5,S4,S5,S5,S5,S5,S5,S5,S5,S5,S5,S5,S5,S4,S3,S0,S2,
S3,S5,S5,S5,S5,S5,S4,S5,S5,S4,S5,S5,S5,S5,S5,S5,S5,S5,S5,S5,S5,S4,S3,S5,S2,
S5,S5,S5,S5,S5,S5,S5,S5,S5,S5,S5,S5,S5,S5,S5,S5,S5,S5,S5,S5,S5,S4,S5,S5,S5,
S3,S5,S5,S5,S5,S5,S4,S5,S5,S4,S5,S5,S5,S5,S5,S5,S5,S5,S5,S5,S5,S4,S3,S5,S2,
S5,S5,S5,S5,S5,S5,S4,S5,S5,S4,S5,S5,S5,S5,S5,S5,S5,S5,S5,S5,S5,S4,S3,S0,S2,
S3,S5,S5,S5,S5,S5,S4,S5,S5,S4,S5,S5,S5,S5,S5,S5,S5,S5,S5,S5,S5,S4,S5,S5,S2,
S5,S5,S5,S5,S5,S5,S4,S5,S5,S4,S5,S5,S5,S5,S5,S5,S5,S5,S5,S5,S5,S4,S3,S5,S2,
S5,S5,S5,S5,S5,S5,S5,S5,S5,S5,S5,S5,S5,S5,S5,S5,S5,S5,S5,S5,S5,S4,S5,S5,S5,
S5,S5,S5,S5,S5,S5,S5,S5,S5,S5,S5,S5,S5,S5,S5,S5,S5,S5,S5,S5,S5,S4,S5,S5,S5,
S3,S5,S5,S5,S5,S5,S4,S5,S5,S4,S5,S5,S5,S5,S5,S5,S5,S5,S5,S5,S5,S4,S3,S5,S2,E2.3
S5,S5,S5,S5,S5,S5,S5,S5,S5,S5,S5,S5,S5,S5,S5,S5,S5,S5,S5,S5,S5,S4,S5,S5,S5,
S5,S5,S5,S5,S5,S5,S5,S5,S5,S5,S5,S5,S5,S5,S5,S5,S5,S5,S5,S5,S5,S4,S5,S5,S5,
S3,S5,S5,S5,S5,S5,S4,S5,S5,S4,S5,S5,S5,S5,S5,S5,S5,S5,S5,S5,S5,S4,S3,S5,S2,
S3,S5,S5,S5,S5,S5,S5,S5,S5,S5,S5,S5,S5,S5,S5,S5,S5,S5,S5,S5,S5,S4,S5,S5,S5,
S5,S5,S5,S5,S5,S5,S4,S5,S5,S4,S5,S5,S5,S5,S4,S4,S5,S5,S5,S5,S5,S4,S5,S5,S2,
S5,S5,S5,S5,S5,S5,S4,S5,S5,S4,S5,S5,S5,S5,S5,S5,S5,S5,S5,S5,S5,S4,S3,S0,S2,
S3,S5,S5,S5,S5,S5,S4,S5,S5,S4,S5,S5,S5,S5,S5,S5,S5,S5,S5,S5,S5,S4,S5,S5,S2,
S3,S5,S5,S5,S5,S5,S4,S5,S5,S4,S5,S5,S5,S5,S5,S5,S5,S5,S5,S5,S5,S4,S3,S5,S2,
S3,S5,S5,S5,S5,S5,S4,S5,S5,S4,S5,S5,S5,S5,S5,S5,S5,S5,S5,S5,S5,S4,S5,S5,S2,C0
S5,S5,S5,S5,S5,S5,S4,S5,S5,S4,S5,S5,S5,S5,S5,S5,S5,S5,S5,S5,S5,S4,S5,S5,S5,
S3,S5,S5,S5,S5,S5,S4,S5,S5,S4,S5,S5,S5,S5,S5,S5,S5,S5,S5,S5,S5,S4,S5,S5,S2,
S5,S5,S5,S5,S5,S5,S4,S5,S5,S4,S5,S5,S5,S5,S5,S5,S5,S5,S5,S5,S5,S4,S3,S0,S2,
S5,S5,S5,S5,S5,S5,S5,S5,S5,S5,S5,S5,S5,S5,S5,S5,S5,S5,S5,S5,S5,S4,S5,S5,S5,
S5,S5,S5,S5,S5,S5,S4,S5,S5,S4,S5,S5,S5,S5,S4,S4,S5,S5,S5,S5,S5,S4,S5,S5,S2,
S3,S5,S5,S5,S5,S5,S4,S5,S5,S4,S5,S5,S5,S5,S5,S5,S5,S5,S5,S5,S5,S4,S5,S5,S5,
S5,S5,S5,S5,S5,S5,S5,S5,S5,S5,S5,S5,S5,S5,S5,S5,S5,S5,S5,S5,S5,S4,S5,S0,S5,
S5,S5,S5,S5,S5,S5,S4,S5,S5,S4,S5,S5,S5,S5,S4,S4,S5,S5,S5,S5,S5,S4,S5,S5,S2,
S5,S5,S5,S5,S5,S5,S4,S5,S5,S4,S5,S5,S5,S5,S5,S5,S5,S5,S5,S5,S5,S4,S3,S5,S2,
S5,S5,S5,S5,S5,S5,S4,S5,S5,S4,S5,S5,S5,S5,S4,S4,S5,S5,S5,S5,S5,S4,S5,S5,S2,
S5,S5,S5,S5,S5,S5,S5,S5,S5,S5,S5,S5,S5,S5,S5,S5,S5,S5,S5,S5,S5,S4,S5,S5,S5,
S5,S3,S5,S5,S5,S5,S5,S5,S5,S5,S5,S5,S5,S5,S5,S5,S5,S5,S5,S5,S5,S4,S5,S0,S5,
S5,S5,S5,S5,S5,S5,S4,S5,S5,S4,S5,S5,S5,S5,S5,S5,S5,S5,S5,S5,S5,S4,S3,S5,S2,
S5,S5,S5,S5,S5,S5,S4,S5,S5,S4,S5,S5,S5,S5,S5,S5,S5,S5,S5,S5,S5,S4,S3,S5,S2,
S5,S5,S5,S5,S5,S5,S4,S5,S5,S4,S5,S5,S5,S5,S5,S5,S5,S5,S5,S5,S5,S4,S3,S5,S2,
S5,S5,S5,S5,S5,S5,S4,S5,S5,S4,S5,S5,S5,S5,S5,S5,S5,S5,S5,S5,S5,S4,S3,S5,S2,
S5,S5,S5,S5,S5,S5,S4,S5,S5,S4,S5,S5,S5,S5,S5,S5,S5,S5,S5,S5,S5,S4,S3,S0,S2,
S3,S5,S5,S5,S5,S5,S4,S5,S5,S4,S5,S5,S5,S5,S5,S5,S5,S5,S5,S5,S5,S4,S5,S5,S2,
S5,S5,S5,S5,S5,S5,S5,S5,S5,S5,S5,S5,S5,S5,S5,S5,S5,S5,S5,S5,S5,S4,S5,S5,S5,
S5,S5,S5,S5,S5,S5,S4,S5,S5,S4,S5,S5,S5,S5,S4,S4,S5,S5,S5,S5,S5,S4,S5,S5,S2,
S5,S5,S5,S5,S5,S5,S5,S5,S5,S5,S5,S5,S5,S5,S5,S5,S5,S5,S5,S5,S5,S4,S5,S5,S5,
S3,S5,S5,S5,S5,S5,S4,S5,S5,S4,S5,S5,S5,S5,S5,S5,S5,S5,S5,S5,S5,S4,S5,S5,S5,
S5,S5,S5,S5,S5,S5,S5,S5,S5,S5,S5,S5,S5,S5,S5,S5,S5,S5,S5,S5,S5,S4,S5,S5,S5,
S5,S5,S5,S5,S5,S5,S5,S5,S5,S5,S5,S5,S5,S5,S5,S5,S5,S5,S5,S5,S5,S4,S5,S5,S5,
S3,S5,S5,S5,S5,S5,S4,S5,S5,S4,S5,S5,S5,S5,S5,S5,S5,S5,S5,S5,S5,S4,S3,S5,S2,
S5,S5,S5,S5,S5,S5,S5,S5,S5,S5,S5,S5,S5,S5,S5,S5,S5,S5,S5,S5,S5,S4,S5,S5,S5,
S5,S5,S5,S5,S5,S5,S4,S5,S5,S4,S5,S5,S5,S5,S5,S5,S5,S5,S5,S5,S5,S4,S3,S0,S2,
S5,S5,S5,S5,S5,S5,S5,S5,S5,S5,S5,S5,S5,S5,S5,S5,S5,S5,S5,S5,S5,S4,S5,S0,S5,
S3,S5,S5,S5,S5,S5,S4,S5,S5,S4,S5,S5,S5,S5,S5,S5,S5,S5,S5,S5,S5,S4,S3,S5,S2,
S3,S5,S5,S5,S5,S5,S4,S5,S5,S4,S5,S5,S5,S5,S5,S5,S5,S5,S5,S5,S5,S4,S3,S5,S2,
S5,S5,S5,S5,S5,S5,S5,S5,S5,S5,S5,S5,S5,S5,S5,S5,S5,S5,S5,S5,S5,S4,S5,S5,S5,
S3,S5,S5,S5,S5,S5,S4,S5,S5,S4,S5,S5,S5,S5,S5,S5,S5,S5,S5,S5,S5,S4,S5,S5,S2,
S5,S5,S5,S5,S5,S5,S4,S5,S5,S4,S5,S5,S5,S5,S4,S4,S5,S5,S5,S5,S5,S4,S5,S5,S2,
S5,S5,S5,S5,S5,S5,S5,S5,S5,S5,S5,S5,S5,S5,S5,S5,S5,S5,S5,S5,S5,S4,S5,S5,S5,
S3,S5,S5,S5,S5,S5,S5,S5,S5,S5,S5,S5,S5,S5,S5,S5,S5,S5,S5,S5,S5,S4,S5,S5,S5,
S5,S5,S5,S5,S5,S5,S4,S5,S5,S4,S5,S5,S5,S5,S5,S5,S5,S5,S5,S5,S5,S4,S3,S0,S2,
S5,S5,S5,S5,S5,S5,S5,S5,S5,S5,S5,S5,S5,S5,S5,S5,S5,S5,S5,S5,S5,S4,S5,S5,S5,
S3,S5,S5,S5,S5,S5,S4,S5,S5,S4,S5,S5,S5,S5,S5,S5,S5,S5,S5,S5,S5,S4,S3,S5,S2,A6
S5,S5,S5,S5,S5,S5,S5,S5,S5,S5,S5,S5,S5,S5,S5,S5,S5,S5,S5,S5,S5,S4,S5,S5,S5,
S3,S5,S5,S5,S5,S5,S4,S5,S5,S4,S5,S5,S5,S5,S5,S5,S5,S5,S5,S5,S5,S4,S3,S5,S2,
S5,S5,S5,S5,S5,S5,S4,S5,S5,S4,S5,S5,S5,S5,S5,S5,S5,S5,S5,S5,S5,S4,S3,S5,S2,
S5,S5,S5,S5,S5,S5,S5,S5,S5,S5,S5,S5,S5,S5,S5,S5,S5,S5,S5,S5,S5,S4,S5,S5,S5,
S5,S5,S5,S5,S5,S5,S5,S5,S5,S5,S5,S5,S5,S5,S5,S5,S5,S5,S5,S5,S5,S4,S5,S5,S5,
S5,S5,S5,S5,S5,S5,S4,S5,S5,S4,S5,S5,S5,S5,S5,S5,S5,S5,S5,S5,S5,S4,S3,S0,S2,
S3,S5,S5,S5,S5,S5,S4,S5,S5,S4,S5,S5,S5,S5,S5,S5,S5,S5,S5,S5,S5,S4,S3,S5,S2,
S5,S2,S5,S5,S5,S5,S5,S5,S5,S5,S5,S5,S5,S5,S5,S5,S5,S5,S5,S5,S5,S4,S5,S0,S5,
S5,S5,S5,S5,S5,S5,S4,S5,S5,S4,S5,S5,S5,S5,S4,S4,S5,S5,S5,S5,S5,S4,S5,S5,S2,
S5,S5,S5,S5,S5,S5,S5,S5,S5,S5,S5,S5,S5,S5,S5,S5,S5,S5,S5,S5,S5,S4,S5,S5,S5,
S5,S2,S5,S5,S5,S5,S5,S5,S5,S5,S5,S5,S5,S5,S5,S5,S5,S5,S5,S5,S5,S4,S5,S0,S5,
S5,S5,S5,S5,S5,S5,S5,S5,S5,S5,S5,S5,S5,S5,S5,S5,S5,S5,S5,S5,S5,S4,S5,S5,S5,
S5,S5,S5,S5,S5,S5,S4,S5,S5,S4,S5,S5,S5,S5,S5,S5,S5,S5,S5,S5,S5,S4,S3,S0,S2,
S5,S5,S5,S5,S5,S5,S4,S5,S5,S4,S5,S5,S5,S5,S5,S5,S5,S5,S5,S5,S5,S4,S5,S5,S2,
S5,S5,S5,S5,S5,S5,S4,S5,S5,S4,S5,S5,S5,S5,S4,S4,S5,S5,S5,S5,S5,S4,S5,S5,S2,
S3,S5,S5,S5,S5,S5,S4,S5,S5,S2,S5,S5,S5,S5,S5,S5,S5,S5,S5,S5,S5,S4,S5,S5,S5,
S5,S5,S5,S5,S5,S5,S5,S5,S5,S5,S5,S5,S5,S5,S5,S5,S5,S5,S5,S5,S5,S4,S5,S5,S5,
S5,S5,S5,S5,S5,S5,S4,S5,S5,S4,S5,S5,S5,S5,S5,S5,S5,S5,S5,S5,S5,S4,S3,S0,S2,
S3,S5,S5,S5,S5,S5,S4,S5,S5,S4,S5,S5,S5,S5,S5,S5,S5,S5,S5,S5,S5,S4,S3,S5,S2,
S3,S5,S5,S5,S5,S5,S4,S5,S5,S4,S5,S5,S5,S5,S5,S5,S5,S5,S5,S5,S5,S4,S5,S5,S5,
S3,S5,S5,S5,S5,S5,S4,S5,S5,S4,S5,S5,S5,S5,S5,S5,S5,S5,S5,S5,S5,S4,S3,S5,S2,
S5,S2,S5,S5,S5,S5,S5,S5,S5,S5,S5,S5,S5,S5,S5,S5,S5,S5,S5,S5,S5,S4,S5,S0,S5,
S5,S5,S5,S5,S5,S5,S5,S5,S5,S5,S5,S5,S5,S5,S5,S5,S5,S5,S5,S5,S5,S4,S5,S5,S5,
S5,S5,S5,S5,S5,S5,S4,S5,S5,S4,S5,S5,S5,S5,S5,S5,S5,S5,S5,S5,S5,S4,S5,S5,S5,
S5,S5,S5,S5,S5,S5,S5,S5,S5,S5,S5,S5,S5,S5,S5,S5,S5,S5,S5,S5,S5,S4,S5,S5,S5,
S5,S5,S5,S5,S5,S5,S4,S5,S5,S4,S5,S5,S5,S5,S5,S5,S5,S5,S5,S5,S5,S4,S3,S5,S2,
S5,S5,S5,S5,S5,S5,S4,S5,S5,S4,S5,S5,S5,S5,S4,S4,S5,S5,S5,S5,S5,S4,S5,S5,S2,
S5,S5,S5,S5,S5,S5,S5,S5,S5,S5,S5,S5,S5,S5,S5,S5,S5,S5,S5,S5,S5,S4,S5,S5,S5,
S5,S5,S5,S5,S5,S5,S5,S5,S5,S5,S5,S5,S5,S5,S5,S5,S5,S5,S5,S5,S5,S4,S5,S5,S5,
S5,S5,S5,S5,S5,S5,S5,S5,S5,S5,S5,S5,S5,S5,S5,S5,S5,S5,S5,S5,S5,S4,S5,S0,S5,
S5,S5,S5,S5,S5,S5,S5,S5,S5,S5,S5,S5,S5,S5,S5,S5,S5,S5,S5,S5,S5,S4,S5,S5,S5,
S5,S3,S5,S5,S5,S5,S5,S5,S5,S5,S5,S5,S5,S5,S5,S5,S5,S5,S5,S5,S5,S4,S5,S0,S5,
S3,S5,S5,S5,S5,S5,S4,S5,S5,S4,S5,S5,S5,S5,S5,S5,S5,S5,S5,S5,S5,S4,S3,S5,S2,
S5,S5,S5,S5,S5,S5,S4,S5,S5,S4,S5,S5,S5,S5,S5,S5,S5,S5,S5,S5,S5,S4,S3,S5,S2,
S5,S5,S5,S5,S5,S5,S5,S5,S5,S5,S5,S5,S5,S5,S5,S5,S5,S5,S5,S5,S5,S4,S5,S5,S5,
S5,S5,S5,S5,S5,S5,S5,S5,S5,S5,S5,S5,S5,S5,S5,S5,S5,S5,S5,S5,S5,S4,S5,S0,S5,
S5,S5,S5,S5,S5,S5,S4,S5,S5,S4,S5,S5,S5,S5,S5,S5,S5,S5,S5,S5,S5,S4,S3,S0,S2,
S5,S5,S5,S5,S5,S5,S4,S5,S5,S4,S5,S5,S5,S5,S5,S5,S5,S5,S5,S5,S5,S4,S3,S0,S2,
S3,S5,S5,S5,S5,S5,S4,S5,S5,S4,S5,S5,S5,S5,S5,S5,S5,S5,S5,S5,S5,S4,S5,S5,S2,
S5,S5,S5,S5,S5,S5,S4,S5,S5,S4,S5,S5,S5,S5,S5,S5,S5,S5,S5,S5,S5,S4,S3,S5,S2,
S3,S5,S5,S5,S5,S5,S4,S5,S5,S4,S5,S5,S5,S5,S5,S5,S5,S5,S5,S5,S5,S4,S3,S5,S2,
S5,S5,S5,S5,S5,S5,S4,S5,S5,S4,S5,S5,S5,S5,S5,S5,S5,S5,S5,S5,S5,S4,S3,S5,S2,
S5,S5,S5,S5,S5,S5,S5,S5,S5,S5,S5,S5,S5,S5,S5,S5,S5,S5,S5,S5,S5,S4,S5,S5,S5,
S5,S5,S5,S5,S5,S5,S5,S5,S5,S5,S5,S5,S5,S5,S5,S5,S5,S5,S5,S5,S5,S4,S5,S5,S5,
S3,S5,S5,S5,S5,S5,S4,S5,S5,S4,S5,S5,S5,S5,S5,S5,S5,S5,S5,S5,S5,S4,S3,S5,S2,
S3,S5,S5,S5,S5,S5,S4,S5,S5,S4,S5,S5,S5,S5,S5,S5,S5,S5,S5,S5,S5,S4,S5,S5,S2,
S3,S5,S5,S5,S5,S5,S4,S5,S5,S4,S5,S5,S5,S5,S5,S5,S5,S5,S5,S5,S5,S4,S3,S5,S2,
S5,S5,S5,S5,S5,S5,S4,S5,S5,S4,S5,S5,S5,S5,S4,S4,S5,S5,S5,S5,S5,S4,S2,S5,S2,
S3,S5,S5,S5,S5,S5,S4,S5,S5,S4,S5,S5,S5,S5,S5,S5,S5,S5,S5,S5,S5,S4,S5,S5,S2,
S5,S5,S5,S5,S5,S5,S4,S5,S5,S4,S5,S5,S5,S5,S5,S5,S5,S5,S5,S5,S5,S4,S3,S0,S2,
S5,S5,S5,S5,S5,S5,S5,S5,S5,S5,S5,S5,S5,S5,S5,S5,S5,S5,S5,S5,S5,S4,S5,S5,S5,
S5,S5,S5,S5,S5,S5,S5,S5,S5,S5,S5,S5,S5,S5,S5,S5,S5,S5,S5,S5,S5,S4,S5,S5,S5,
S5,S5,S5,S5,S5,S5,S4,S5,S5,S4,S5,S5,S5,S5,S4,S4,S5,S5,S5,S5,S5,S4,S2,S5,S2,
S5,S5,S5,S5,S5,S5,S5,S5,S5,S5,S5,S5,S5,S5,S5,S5,S5,S5,S5,S5,S5,S4,S5,S5,S5,
S5,S5,S5,S5,S5,S5,S5,S5,S5,S5,S5,S5,S5,S5,S5,S5,S5,S5,S5,S5,S5,S4,S5,S0,S5,
S5,S5,S5,S5,S5,S5,S4,S5,S5,S4,S5,S5,S5,S5,S5,S5,S5,S5,S5,S5,S5,S4,S3,S0,S2,
S5,S5,S5,S5,S5,S5,S4,S5,S5,S4,S5,S5,S5,S5,S5,S5,S5,S5,S5,S5,S5,S4,S3,S0,S2,
S5,S5,S5,S5,S5,S5,S4,S5,S5,S4,S5,S5,S5,S5,S5,S5,S5,S5,S5,S5,S5,S4,S3,S5,S2,
S5,S5,S5,S5,S5,S5,S4,S5,S5,S4,S5,S5,S5,S5,S5,S5,S5,S5,S5,S5,S5,S4,S5,S5,S5,
S5,S5,S5,S5,S5,S5,S4,S5,S5,S4,S5,S5,S5,S5,S4,S4,S5,S5,S5,S5,S5,S4,S5,S5,S2,
S3,S5,S5,S5,S5,S5,S4,S5,S5,S4,S5,S5,S5,S5,S5,S5,S5,S5,S5,S5,S5,S4,S3,S5,S2,
S5,S5,S5,S5,S5,S5,S5,S5,S5,S5,S5,S5,S5,S5,S5,S5,S5,S5,S5,S5,S5,S4,S5,S5,S5,
S5,S5,S5,S5,S5,S5,S5,S5,S5,S5,S5,S5,S5,S5,S5,S5,S5,S5,S5,S5,S5,S4,S5,S0,S5,
S5,S5,S5,S5,S5,S5,S4,S5,S5,S4,S5,S5,S5,S5,S5,S5,S5,S5,S5,S5,S5,S4,S3,S0,S2,
S5,S5,S5,S5,S5,S5,S4,S5,S5,S4,S5,S5,S5,S5,S5,S5,S5,S5,S5,S5,S5,S4,S5,S5,S5,
S3,S5,S5,S5,S5,S5,S4,S5,S5,S4,S5,S5,S5,S5,S5,S5,S5,S5,S5,S5,S5,S4,S5,S5,S2,
S5,S5,S5,S5,S5,S5,S5,S5,S5,S5,S5,S5,S5,S5,S5,S5,S5,S5,S5,S5,S5,S4,S5,S0,S5,
S5,S5,S5,S5,S5,S5,S4,S5,S5,S4,S5,S5,S5,S5,S4,S4,S5,S5,S5,S5,S5,S4,S5,S5,S2,
S3,S5,S5,S5,S5,S5,S4,S5,S5,S4,S5,S5,S5,S5,S5,S5,S5,S5,S5,S5,S5,S4,S5,S5,S2,
S5,S5,S5,S5,S5,S5,S5,S5,S5,S5,S5,S5,S5,S5,S5,S5,S5,S5,S5,S5,S5,S4,S5,S5,S5,
S3,S5,S5,S5,S5,S5,S4,S5,S5,S4,S5,S5,S5,S5,S4,S4,S5,S5,S5,S5,S5,S4,S5,S5,S2,
S5,S5,S5,S5,S5,S5,S5,S5,S5,S5,S5,S5,S5,S5,S5,S5,S5,S5,S5,S5,S5,S4,S5,S0,S5,
S3,S5,S5,S5,S5,S5,S4,S5,S5,S4,S5,S5,S5,S5,S5,S5,S5,S5,S5,S5,S5,S4,S3,S5,S2,
S5,S5,S5,S5,S5,S5,S4,S5,S5,S4,S5,S5,S5,S5,S4,S4,S5,S5,S5,S5,S5,S4,S2,S5,S2,
S5,S5,S5,S5,S5,S5,S5,S5,S5,S5,S5,S5,S5,S5,S5,S5,S5,S5,S5,S5,S5,S4,S5,S0,S5,
S5,S5,S5,S5,S5,S5,S5,S5,S5,S5,S5,S5,S5,S5,S5,S5,S5,S5,S5,S5,S5,S4,S5,S5,S5,
S3,S5,S5,S5,S5,S5,S4,S5,S5,S4,S5,S5,S5,S5,S5,S5,S5,S5,S5,S5,S5,S4,S5,S5,S5,
S5,S5,S5,S5,S5,S5,S4,S5,S5,S4,S5,S5,S5,S5,S4,S4,S5,S5,S5,S5,S5,S4,S5,S5,S2,
S5,S5,S5,S5,S5,S5,S4,S5,S5,S4,S5,S5,S5,S5,S4,S4,S5,S5,S5,S5,S5,S4,S5,S5,S2,
S3,S5,S5,S5,S5,S5,S4,S5,S5,S4,S5,S5,S5,S5,S5,S5,S5,S5,S5,S5,S5,S4,S3,S5,S2,E2.2
S5,S5,S5,S5,S5,S5,S4,S5,S5,S4,S5,S5,S5,S5,S5,S5,S5,S5,S5,S5,S5,S4,S3,S5,S2,
S5,S5,S5,S5,S5,S5,S4,S5,S5,S4,S5,S5,S5,S5,S4,S4,S5,S5,S5,S5,S5,S4,S5,S5,S2,
S5,S5,S5,S5,S5,S5,S5,S5,S5,S5,S5,S5,S5,S5,S5,S5,S5,S5,S5,S5,S5,S4,S5,S5,S5,
S3,S5,S5,S5,S5,S5,S4,S5,S5,S4,S5,S5,S5,S5,S5,S5,S5,S5,S5,S5,S5,S4,S5,S5,S2,
S5,S5,S5,S5,S5,S5,S5,S5,S5,S5,S5,S5,S5,S5,S5,S5,S5,S5,S5,S5,S5,S4,S5,S5,S5,
S5,S5,S5,S5,S5,S5,S5,S5,S5,S5,S5,S5,S5,S5,S5,S5,S5,S5,S5,S5,S5,S4,S5,S5,S5,
S5,S5,S5,S5,S5,S5,S5,S5,S5,S5,S5,S5,S5,S5,S5,S5,S5,S5,S5,S5,S5,S4,S5,S0,S5,
S5,S5,S5,S5,S5,S5,S5,S5,S5,S5,S5,S5,S5,S5,S5,S5,S5,S5,S5,S5,S5,S4,S5,S5,S5,
S5,S5,S5,S5,S5,S5,S4,S5,S5,S4,S5,S5,S5,S5,S5,S5,S5,S5,S5,S5,S5,S4,S3,S0,S2,
S5,S5,S5,S5,S5,S5,S4,S5,S5,S4,S5,S5,S5,S5,S4,S4,S5,S5,S5,S5,S5,S4,S5,S5,S2,
S5,S5,S5,S5,S5,S5,S4,S5,S5,S4,S5,S5,S5,S5,S5,S5,S5,S5,S5,S5,S5,S4,S5,S5,S5,
S3,S5,S5,S5,S5,S5,S4,S5,S5,S4,S5,S5,S5,S5,S5,S5,S5,S5,S5,S5,S5,S4,S5,S5,S5,
S5,S5,S5,S5,S5,S5,S4,S5,S5,S4,S5,S5,S5,S5,S5,S5,S5,S5,S5,S5,S5,S4,S3,S0,S2,
S5,S5,S5,S5,S5,S5,S5,S5,S5,S5,S5,S5,S5,S5,S5,S5,S5,S5,S5,S5,S5,S4,S5,S0,S5,
S5,S5,S5,S5,S5,S5,S5,S5,S5,S5,S5,S5,S5,S5,S5,S5,S5,S5,S5,S5,S5,S4,S5,S5,S5,
S5,S5,S5,S5,S5,S5,S4,S5,S5,S4,S5,S5,S5,S5,S4,S4,S5,S5,S5,S5,S5,S4,S5,S5,S2,B0
S3,S5,S5,S5,S5,S5,S4,S5,S5,S4,S5,S5,S5,S5,S5,S5,S5,S5,S5,S5,S5,S4,S5,S5,S5,
S5,S5,S5,S5,S5,S5,S5,S5,S5,S5,S5,S5,S5,S5,S5,S5,S5,S5,S5,S5,S5,S4,S5,S5,S5,
S5,S5,S5,S5,S5,S5,S4,S5,S5,S4,S5,S5,S5,S5,S5,S5,S5,S5,S5,S5,S5,S4,S3,S0,S2,
S5,S5,S5,S5,S5,S5,S4,S5,S5,S4,S5,S5,S5,S5,S5,S5,S5,S5,S5,S5,S5,S4,S5,S5,S5,
S5,S5,S5,S5,S5,S5,S4,S5,S5,S4,S5,S5,S5,S5,S4,S4,S5,S5,S5,S5,S5,S4,S5,S5,S2,
S3,S5,S5,S5,S5,S5,S4,S5,S5,S4,S5,S5,S5,S5,S5,S5,S5,S5,S5,S5,S5,S4,S5,S5,S2,
S5,S5,S5,S5,S5,S5,S4,S5,S5,S4,S5,S5,S5,S5,S5,S5,S5,S5,S5,S5,S5,S4,S3,S0,S2,
S5,S2,S5,S5,S5,S5,S5,S5,S5,S5,S5,S5,S5,S5,S5,S5,S5,S5,S5,S5,S5,S4,S5,S0,S5,
S5,S5,S5,S5,S5,S5,S5,S5,S5,S5,S5,S5,S5,S5,S5,S5,S5,S5,S5,S5,S5,S4,S5,S5,S5,
S3,S5,S5,S5,S5,S5,S4,S5,S5,S4,S5,S5,S5,S5,S5,S5,S5,S5,S5,S5,S5,S4,S5,S5,S5,
S5,S5,S5,S5,S5,S5,S5,S5,S5,S5,S5,S5,S5,S5,S5,S5,S5,S5,S5,S5,S5,S4,S5,S5,S5,
S5,S5,S5,S5,S5,S5,S5,S5,S5,S5,S5,S5,S5,S5,S5,S5,S5,S5,S5,S5,S5,S4,S5,S0,S5,
S3,S5,S5,S5,S5,S5,S4,S5,S5,S4,S5,S5,S5,S5,S5,S5,S5,S5,S5,S5,S5,S4,S3,S5,S2,
S5,S5,S5,S5,S5,S5,S5,S5,S5,S5,S5,S5,S5,S5,S5,S5,S5,S5,S5,S5,S5,S4,S5,S0,S5,
S5,S5,S5,S5,S5,S5,S4,S5,S5,S4,S5,S5,S5,S5,S4,S4,S5,S5,S5,S5,S5,S4,S2,S5,S2,
S5,S5,S5,S5,S5,S5,S5,S5,S5,S5,S5,S5,S5,S5,S5,S5,S5,S5,S5,S5,S5,S4,S5,S0,S5,
S5,S5,S5,S5,S5,S5,S4,S5,S5,S4,S5,S5,S5,S5,S5,S5,S5,S5,S5,S5,S5,S4,S5,S5,S5,
S5,S5,S5,S5,S5,S5,S4,S5,S5,S4,S5,S5,S5,S5,S5,S5,S5,S5,S5,S5,S5,S4,S3,S5,S2,
S5,S5,S5,S5,S5,S5,S5,S5,S5,S5,S5,S5,S5,S5,S5,S5,S5,S5,S5,S5,S5,S4,S5,S5,S5,
S5,S2,S5,S5,S5,S5,S5,S5,S5,S5,S5,S5,S5,S5,S5,S5,S5,S5,S5,S5,S5,S4,S5,S0,S5,
S3,S5,S5,S5,S5,S5,S4,S5,S5,S4,S5,S5,S5,S5,S5,S5,S5,S5,S5,S5,S5,S4,S5,S5,S5,
S5,S5,S5,S5,S5,S5,S4,S5,S5,S4,S5,S5,S5,S5,S4,S4,S5,S5,S5,S5,S5,S4,S2,S5,S2,
S5,S5,S5,S5,S5,S5,S5,S5,S5,S5,S5,S5,S5,S5,S5,S5,S5,S5,S5,S5,S5,S4,S5,S5,S5,
S5,S5,S5,S5,S5,S5,S5,S5,S5,S5,S5,S5,S5,S5,S5,S5,S5,S5,S5,S5,S5,S4,S5,S5,S5,
S3,S5,S5,S5,S5,S5,S4,S5,S5,S4,S5,S5,S5,S5,S5,S5,S5,S5,S5,S5,S5,S4,S5,S5,S5,B0
S5,S5,S5,S5,S5,S5,S4,S5,S5,S4,S5,S5,S5,S5,S4,S4,S5,S5,S5,S5,S5,S4,S5,S5,S2,
S5,S5,S5,S5,S5,S5,S5,S5,S5,S5,S5,S5,S5,S5,S5,S5,S5,S5,S5,S5,S5,S4,S5,S5,S5,
S5,S5,S5,S5,S5,S5,S5,S5,S5,S5,S5,S5,S5,S5,S5,S5,S5,S5,S5,S5,S5,S4,S5,S5,S5,
S3,S5,S5,S5,S5,S5,S4,S5,S5,S4,S5,S5,S5,S5,S5,S5,S5,S5,S5,S5,S5,S4,S3,S5,S2,
S5,S5,S5,S5,S5,S5,S4,S5,S5,S4,S5,S5,S5,S5,S5,S5,S5,S5,S5,S5,S5,S4,S3,S0,S2,
S5,S5,S5,S5,S5,S5,S4,S5,S5,S4,S5,S5,S5,S5,S4,S4,S5,S5,S5,S5,S5,S4,S2,S5,S2,B0
S5,S5,S5,S5,S5,S5,S5,S5,S5,S5,S5,S5,S5,S5,S5,S5,S5,S5,S5,S5,S5,S4,S5,S5,S5,
S5,S5,S5,S5,S5,S5,S4,S5,S5,S4,S5,S5,S5,S5,S4,S4,S5,S5,S5,S5,S5,S4,S2,S5,S2,B0
S5,S5,S5,S5,S5,S5,S5,S5,S5,S5,S5,S5,S5,S5,S5,S5,S5,S5,S5,S5,S5,S4,S5,S5,S5,
S5,S5,S5,S5,S5,S5,S5,S5,S5,S5,S5,S5,S5,S5,S5,S5,S5,S5,S5,S5,S5,S4,S5,S5,S5,
S5,S5,S5,S5,S5,S5,S5,S5,S5,S5,S5,S5,S5,S5,S5,S5,S5,S5,S5,S5,S5,S4,S5,S5,S5,
S3,S5,S5,S5,S5,S5,S4,S5,S5,S4,S5,S5,S5,S5,S5,S5,S5,S5,S5,S5,S5,S4,S3,S5,S2,
S5,S5,S5,S5,S5,S5,S5,S5,S5,S5,S5,S5,S5,S5,S5,S5,S5,S5,S5,S5,S5,S4,S5,S5,S5,
S5,S5,S5,S5,S5,S5,S4,S5,S5,S4,S5,S5,S5,S5,S5,S5,S5,S5,S5,S5,S5,S4,S3,S0,S2,
S5,S5,S5,S5,S5,S5,S5,S5,S5,S5,S5,S5,S5,S5,S5,S5,S5,S5,S5,S5,S5,S4,S5,S0,S5,
S5,S5,S5,S5,S5,S5,S5,S5,S5,S5,S5,S5,S5,S5,S5,S5,S5,S5,S5,S5,S5,S4,S5,S0,S5,
S5,S5,S5,S5,S5,S5,S5,S5,S5,S5,S5,S5,S5,S5,S5,S5,S5,S5,S5,S5,S5,S4,S5,S5,S5,
S5,S5,S5,S5,S5,S5,S5,S5,S5,S5,S5,S5,S5,S5,S5,S5,S5,S5,S5,S5,S5,S4,S5,S0,S5,
S3,S5,S5,S5,S5,S5,S4,S5,S5,S4,S5,S5,S5,S5,S5,S5,S5,S5,S5,S5,S5,S4,S5,S5,S2,
S5,S5,S5,S5,S5,S5,S4,S5,S5,S4,S5,S5,S5,S5,S5,S5,S5,S5,S5,S5,S5,S4,S5,S5,S5,
S3,S5,S5,S5,S5,S5,S4,S5,S5,S4,S5,S5,S5,S5,S5,S5,S5,S5,S5,S5,S5,S4,S5,S5,S5,
S5,S5,S5,S5,S5,S5,S5,S5,S5,S5,S5,S5,S5,S5,S5,S5,S5,S5,S5,S5,S5,S4,S5,S5,S5,
S3,S5,S5,S5,S5,S5,S4,S5,S5,S4,S5,S5,S5,S5,S5,S5,S5,S5,S5,S5,S5,S4,S3,S5,S2,
S5,S5,S5,S5,S5,S5,S5,S5,S5,S5,S5,S5,S5,S5,S5,S5,S5,S5,S5,S5,S5,S4,S5,S5,S5,
S5,S5,S5,S5,S5,S5,S4,S5,S5,S4,S5,S5,S5,S5,S5,S5,S5,S5,S5,S5,S5,S4,S5,S5,S5,
S5,S5,S5,S5,S5,S5,S5,S5,S5,S5,S5,S5,S5,S5,S5,S5,S5,S5,S5,S5,S5,S4,S5,S5,S5,
S5,S5,S5,S5,S5,S5,S4,S5,S5,S4,S5,S5,S5,S5,S5,S5,S5,S5,S5,S5,S5,S4,S3,S0,S2,
S5,S5,S5,S5,S5,S5,S5,S5,S5,S5,S5,S5,S5,S5,S5,S5,S5,S5,S5,S5,S5,S4,S5,S5,S5,
S5,S5,S5,S5,S5,S5,S5,S5,S5,S5,S5,S5,S5,S5,S5,S5,S5,S5,S5,S5,S5,S4,S5,S5,S5,
S3,S5,S5,S5,S5,S5,S4,S5,S5,S4,S5,S5,S5,S5,S5,S5,S5,S5,S5,S5,S5,S4,S5,S5,S2,
S5,S5,S5,S5,S5,S5,S4,S5,S5,S4,S5,S5,S5,S5,S5,S5,S5,S5,S5,S5,S5,S4,S3,S5,S2,
S5,S5,S5,S5,S5,S5,S5,S5,S5,S5,S5,S5,S5,S5,S5,S5,S5,S5,S5,S5,S5,S4,S5,S5,S5,
S5,S5,S5,S5,S5,S5,S4,S5,S5,S4,S5,S5,S5,S5,S5,S5,S5,S5,S5,S5,S5,S4,S3,S5,S2,
S5,S5,S5,S5,S5,S5,S4,S5,S5,S4,S5,S5,S5,S5,S5,S5,S5,S5,S5,S5,S5,S4,S3,S0,S2,
S5,S5,S5,S5,S5,S5,S4,S5,S5,S4,S5,S5,S5,S5,S5,S5,S5,S5,S5,S5,S5,S4,S5,S5,S5,
S5,S5,S5,S5,S5,S5,S5,S5,S5,S5,S5,S5,S5,S5,S5,S5,S5,S5,S5,S5,S5,S4,S5,S5,S5,
S3,S5,S5,S5,S5,S5,S4,S5,S5,S4,S5,S5,S5,S5,S5,S5,S5,S5,S5,S5,S5,S4,S5,S5,S5,
S3,S5,S5,S5,S5,S5,S4,S5,S5,S4,S5,S5,S5,S5,S5,S5,S5,S5,S5,S5,S5,S4,S3,S5,S2,
S5,S5,S5,S5,S5,S5,S4,S5,S5,S4,S5,S5,S5,S5,S5,S5,S5,S5,S5,S5,S5,S4,S3,S0,S2,
S5,S5,S5,S5,S5,S5,S5,S5,S5,S5,S5,S5,S5,S5,S5,S5,S5,S5,S5,S5,S5,S4,S5,S5,S5,
S5,S5,S5,S5,S5,S5,S4,S5,S5,S4,S5,S5,S5,S5,S5,S5,S5,S5,S5,S5,S5,S4,S3,S0,S2,
S3,S5,S5,S5,S5,S5,S4,S5,S5,S4,S5,S5,S5,S5,S5,S5,S5,S5,S5,S5,S5,S4,S5,S5,S5,
S5,S5,S5,S5,S5,S5,S4,S5,S5,S4,S5,S5,S5,S5,S5,S5,S5,S5,S5,S5,S5,S4,S3,S0,S2,
S3,S5,S5,S5,S5,S5,S4,S5,S5,S4,S5,S5,S5,S5,S5,S5,S5,S5,S5,S5,S5,S4,S3,S5,S2,
S3,S5,S5,S5,S5,S5,S4,S5,S5,S4,S5,S5,S5,S5,S5,S5,S5,S5,S5,S5,S5,S4,S5,S5,S2,
S3,S5,S5,S5,S5,S5,S4,S5,S5,S4,S5,S5,S5,S5,S5,S5,S5,S5,S5,S5,S5,S4,S5,S5,S2,
S5,S5,S5,S5,S5,S5,S5,S5,S5,S5,S5,S5,S5,S5,S5,S5,S5,S5,S5,S5,S5,S4,S5,S0,S5,
S5,S5,S5,S5,S5,S5,S4,S5,S5,S4,S5,S5,S5,S5,S4,S4,S5,S5,S5,S5,S5,S4,S5,S5,S2,
S5,S5,S5,S5,S5,S5,S5,S5,S5,S5,S5,S5,S5,S5,S5,S5,S5,S5,S5,S5,S5,S4,S5,S5,S5,
S5,S5,S5,S5,S5,S5,S4,S5,S5,S4,S5,S5,S5,S5,S5,S5,S5,S5,S5,S5,S5,S4,S3,S0,S2,
S5,S5,S5,S5,S5,S5,S4,S5,S5,S4,S5,S5,S5,S5,S5,S5,S5,S5,S5,S5,S5,S4,S3,S0,S2,
S5,S5,S5,S5,S5,S5,S5,S5,S5,S5,S5,S5,S5,S5,S5,S5,S5,S5,S5,S5,S5,S4,S5,S5,S5,
S5,S5,S5,S5,S5,S5,S5,S5,S5,S5,S5,S5,S5,S5,S5,S5,S5,S5,S5,S5,S5,S4,S5,S0,S5,
S3,S5,S5,S5,S5,S5,S4,S5,S5,S4,S5,S5,S5,S5,S5,S5,S5,S5,S5,S5,S5,S4,S5,S5,S2,
S5,S5,S5,S5,S5,S5,S5,S5,S5,S5,S5,S5,S5,S5,S5,S5,S5,S5,S5,S5,S5,S4,S5,S5,S5,
S5,S5,S5,S5,S5,S5,S4,S5,S5,S4,S5,S5,S5,S5,S5,S5,S5,S5,S5,S5,S5,S4,S3,S0,S2,
S5,S5,S5,S5,S5,S5,S5,S5,S5,S5,S5,S5,S5,S5,S5,S5,S5,S5,S5,S5,S5,S4,S5,S5,S5,
S3,S5,S5,S5,S5,S5,S4,S5,S5,S4,S5,S5,S5,S5,S5,S5,S5,S5,S5,S5,S5,S4,S5,S5,S5,
S5,S5,S5,S5,S5,S5,S5,S5,S5,S5,S5,S5,S5,S5,S5,S5,S5,S5,S5,S5,S5,S4,S5,S5,S5,
S5,S5,S5,S5,S5,S5,S5,S5,S5,S5,S5,S5,S5,S5,S5,S5,S5,S5,S5,S5,S5,S4,S5,S5,S5,
S5,S5,S5,S5,S5,S5,S4,S5,S5,S4,S5,S5,S5,S5,S4,S4,S5,S5,S5,S5,S5,S4,S5,S5,S2,
S5,S5,S5,S5,S5,S5,S4,S5,S5,S4,S5,S5,S5,S5,S5,S5,S5,S5,S5,S5,S5,S4,S3,S0,S2,
S5,S5,S5,S5,S5,S5,S5,S5,S5,S5,S5,S5,S5,S5,S5,S5,S5,S5,S5,S5,S5,S4,S5,S5,S5,
S5,S5,S5,S5,S5,S5,S5,S5,S5,S5,S5,S5,S5,S5,S5,S5,S5,S5,S5,S5,S5,S4,S5,S5,S5,
S5,S5,S5,S5,S5,S5,S5,S5,S5,S5,S5,S5,S5,S5,S5,S5,S5,S5,S5,S5,S5,S4,S5,S5,S5,
S5,S2,S5,S5,S5,S5,S5,S5,S5,S5,S5,S5,S5,S5,S5,S5,S5,S5,S5,S5,S5,S4,S5,S0,S5,
S3,S5,S5,S5,S5,S5,S4,S5,S5,S4,S5,S5,S5,S5,S5,S5,S5,S5,S5,S5,S5,S4,S5,S5,S2,
S5,S5,S5,S5,S5,S5,S4,S5,S5,S4,S5,S5,S5,S5,S4,S4,S5,S5,S5,S5,S5,S4,S5,S5,S2,
S5,S5,S5,S5,S5,S5,S4,S5,S5,S4,S5,S5,S5,S5,S5,S5,S5,S5,S5,S5,S5,S4,S3,S0,S2,
S5,S5,S5,S5,S5,S5,S5,S5,S5,S5,S5,S5,S5,S5,S5,S5,S5,S5,S5,S5,S5,S4,S5,S0,S5,
S3,S5,S5,S5,S5,S5,S4,S5,S5,S4,S5,S5,S5,S5,S5,S5,S5,S5,S5,S5,S5,S4,S3,S5,S2,
S5,S5,S5,S5,S5,S5,S5,S5,S5,S5,S5,S5,S5,S5,S5,S5,S5,S5,S5,S5,S5,S4,S5,S5,S5,
S5,S5,S5,S5,S5,S5,S5,S5,S5,S5,S5,S5,S5,S5,S5,S5,S5,S5,S5,S5,S5,S4,S5,S5,S5,
S5,S5,S5,S5,S5,S5,S5,S5,S5,S5,S5,S5,S5,S5,S5,S5,S5,S5,S5,S5,S5,S4,S5,S5,S5,
S5,S5,S5,S5,S5,S5,S4,S5,S5,S4,S5,S5,S5,S5,S5,S5,S5,S5,S5,S5,S5,S4,S3,S5,S2,
S3,S5,S5,S5,S5,S5,S4,S5,S5,S4,S2,S5,S5,S5,S5,S5,S5,S5,S5,S5,S5,S4,S5,S5,S5,
S3,S5,S5,S5,S5,S5,S4,S5,S5,S4,S5,S5,S5,S5,S5,S5,S5,S5,S5,S5,S5,S4,S3,S5,S2,
S5,S5,S5,S5,S5,S5,S4,S5,S5,S4,S5,S5,S5,S5,S5,S5,S5,S5,S5,S5,S5,S4,S5,S5,S5,
S5,S5,S5,S5,S5,S5,S4,S5,S5,S4,S5,S5,S5,S5,S4,S4,S5,S5,S5,S5,S5,S4,S5,S5,S2,
S5,S5,S5,S5,S5,S5,S5,S5,S5,S5,S5,S5,S5,S5,S5,S5,S5,S5,S5,S5,S5,S4,S5,S5,S5,
S5,S5,S5,S5,S5,S5,S5,S5,S5,S5,S5,S5,S5,S5,S5,S5,S5,S5,S5,S5,S5,S4,S5,S5,S5,
S5,S5,S5,S5,S5,S5,S5,S5,S5,S5,S5,S5,S5,S5,S5,S5,S5,S5,S5,S5,S5,S4,S5,S5,S5,
S5,S5,S5,S5,S5,S5,S5,S5,S5,S5,S5,S5,S5,S5,S5,S5,S5,S5,S5,S5,S5,S4,S5,S0,S5,
S5,S5,S5,S5,S5,S5,S5,S5,S5,S5,S5,S5,S5,S5,S5,S5,S5,S5,S5,S5,S5,S4,S5,S5,S5,
S5,S5,S5,S5,S5,S5,S5,S5,S5,S5,S5,S5,S5,S5,S5,S5,S5,S5,S5,S5,S5,S4,S5,S5,S5,
S5,S2,S5,S5,S5,S5,S5,S5,S5,S5,S5,S5,S5,S5,S5,S5,S5,S5,S5,S5,S5,S4,S5,S0,S5,
S5,S5,S5,S5,S5,S5,S5,S5,S5,S5,S5,S5,S5,S5,S5,S5,S5,S5,S5,S5,S5,S4,S5,S5,S5,
S5,S5,S5,S5,S5,S5,S4,S5,S5,S4,S5,S5,S5,S5,S5,S5,S5,S5,S5,S5,S5,S4,S3,S0,S2,
S5,S5,S5,S5,S5,S5,S4,S5,S5,S4,S5,S5,S5,S5,S5,S5,S5,S5,S5,S5,S5,S4,S3,S0,S2,
S3,S5,S5,S5,S5,S5,S4,S5,S5,S4,S5,S5,S5,S5,S5,S5,S5,S5,S5,S5,S5,S4,S3,S5,S2,
S5,S5,S5,S5,S5,S5,S4,S5,S5,S4,S5,S5,S5,S5,S5,S5,S5,S5,S5,S5,S5,S4,S3,S5,S2,
S5,S5,S5,S5,S5,S5,S5,S5,S5,S5,S5,S5,S5,S5,S5,S5,S5,S5,S5,S5,S5,S4,S5,S5,S5,
S5,S5,S5,S5,S5,S5,S5,S5,S5,S5,S5,S5,S5,S5,S5,S5,S5,S5,S5,S5,S5,S4,S5,S5,S5,
S3,S5,S5,S5,S5,S5,S4,S5,S5,S4,S5,S5,S5,S5,S5,S5,S5,S5,S5,S5,S5,S4,S5,S5,S2,
S5,S5,S5,S5,S5,S5,S4,S5,S5,S4,S5,S5,S5,S5,S5,S5,S5,S5,S5,S5,S5,S4,S3,S0,S2,
S5,S5,S5,S5,S5,S5,S4,S5,S5,S4,S5,S5,S5,S5,S4,S4,S5,S5,S5,S5,S5,S4,S2,S5,S2,
S3,S5,S5,S5,S5,S5,S4,S5,S5,S4,S5,S5,S5,S5,S5,S5,S5,S5,S5,S5,S5,S4,S5,S5,S5,
S5,S5,S5,S5,S5,S5,S5,S5,S5,S5,S5,S5,S5,S5,S5,S5,S5,S5,S5,S5,S5,S4,S5,S5,S5,
S5,S5,S5,S5,S5,S5,S4,S5,S5,S4,S5,S5,S5,S5,S5,S5,S5,S5,S5,S5,S5,S4,S3,S5,S2,
S5,S5,S5,S5,S5,S5,S5,S5,S5,S5,S5,S5,S5,S5,S5,S5,S5,S5,S5,S5,S5,S4,S5,S5,S5,
S5,S5,S5,S5,S5,S5,S4,S5,S5,S4,S5,S5,S5,S5,S4,S4,S5,S5,S5,S5,S5,S4,S2,S5,S2,
S5,S5,S5,S5,S5,S5,S4,S5,S5,S4,S5,S5,S5,S5,S5,S5,S5,S5,S5,S5,S5,S4,S3,S5,S2,
S5,S2,S5,S5,S5,S5,S5,S5,S5,S5,S5,S5,S5,S5,S5,S5,S5,S5,S5,S5,S5,S4,S5,S0,S5,
S5,S5,S5,S5,S5,S5,S5,S5,S5,S5,S5,S5,S5,S5,S5,S5,S5,S5,S5,S5,S5,S4,S5,S5,S5,
S3,S5,S5,S5,S5,S5,S4,S5,S5,S4,S5,S5,S5,S5,S5,S5,S5,S5,S5,S5,S5,S4,S5,S5,S2,
S3,S5,S5,S5,S5,S5,S4,S5,S5,S4,S5,S5,S5,S5,S5,S5,S5,S5,S5,S5,S5,S4,S5,S5,S5,
S5,S5,S5,S5,S5,S5,S5,S5,S5,S5,S5,S5,S5,S5,S5,S5,S5,S5,S5,S5,S5,S4,S5,S5,S5,
S5,S5,S5,S5,S5,S5,S4,S5,S5,S4,S5,S5,S5,S5,S5,S5,S5,S5,S5,S5,S5,S4,S3,S5,S2,
S5,S5,S5,S5,S5,S5,S4,S5,S5,S4,S5,S5,S5,S5,S4,S4,S5,S5,S5,S5,S5,S4,S5,S5,S2,
S5,S5,S5,S5,S5,S5,S5,S5,S5,S5,S5,S5,S5,S5,S5,S5,S5,S5,S5,S5,S5,S4,S5,S5,S5,
S3,S5,S5,S5,S5,S5,S4,S5,S5,S4,S5,S5,S5,S5,S5,S5,S5,S5,S5,S5,S5,S4,S3,S5,S2,
S5,S5,S5,S5,S5,S5,S4,S5,S5,S4,S5,S5,S5,S5,S4,S4,S5,S5,S5,S5,S5,S4,S5,S5,S2,
S5,S5,S5,S5,S5,S5,S4,S5,S5,S4,S5,S5,S5,S5,S4,S4,S5,S5,S5,S5,S5,S4,S5,S5,S2,
S5,S2,S5,S5,S5,S5,S5,S5,S5,S5,S5,S5,S5,S5,S5,S5,S5,S5,S5,S5,S5,S4,S5,S0,S5,
S5,S5,S5,S5,S5,S5,S5,S5,S5,S5,S5,S5,S5,S5,S5,S5,S5,S5,S5,S5,S5,S4,S5,S0,S5,
S3,S5,S5,S5,S5,S5,S4,S5,S5,S4,S5,S5,S5,S5,S5,S5,S5,S5,S5,S5,S5,S4,S3,S5,S2,
S3,S5,S5,S5,S5,S5,S4,S5,S5,S4,S5,S5,S5,S5,S5,S5,S5,S5,S5,S5,S5,S4,S3,S5,S2,
S5,S5,S5,S5,S5,S5,S4,S5,S5,S4,S5,S5,S5,S5,S5,S5,S5,S5,S5,S5,S5,S4,S3,S0,S2,
S3,S5,S5,S5,S5,S5,S4,S5,S5,S4,S5,S5,S5,S5,S5,S5,S5,S5,S5,S5,S5,S4,S3,S5,S2,
S3,S5,S5,S5,S5,S5,S4,S5,S5,S4,S5,S5,S5,S5,S5,S5,S5,S5,S5,S5,S5,S4,S5,S5,S2,
S3,S5,S5,S5,S5,S5,S4,S5,S5,S4,S5,S5,S5,S5,S5,S5,S5,S5,S5,S5,S5,S4,S3,S5,S2,
S5,S5,S5,S5,S5,S5,S5,S5,S5,S5,S5,S5,S5,S5,S5,S5,S5,S5,S5,S5,S5,S4,S5,S5,S5,
S3,S5,S5,S5,S5,S5,S4,S5,S5,S4,S5,S5,S5,S5,S5,S5,S5,S5,S5,S5,S5,S4,S3,S5,S2,
S5,S5,S5,S5,S5,S5,S5,S5,S5,S5,S5,S5,S5,S5,S5,S5,S5,S5,S5,S5,S5,S4,S5,S5,S5,
S5,S5,S5,S5,S5,S5,S4,S5,S5,S4,S5,S5,S5,S5,S5,S5,S5,S5,S5,S5,S5,S4,S3,S5,S2,
S3,S5,S5,S5,S5,S5,S4,S5,S5,S4,S5,S5,S5,S5,S5,S5,S5,S5,S5,S5,S5,S4,S5,S5,S5,
S3,S5,S5,S5,S5,S5,S4,S5,S5,S4,S5,S5,S5,S5,S5,S5,S5,S5,S5,S5,S5,S4,S3,S5,S2,
S5,S5,S5,S5,S5,S5,S5,S5,S5,S5,S5,S5,S5,S5,S5,S5,S5,S5,S5,S5,S5,S4,S5,S5,S5,
S3,S5,S5,S5,S5,S5,S4,S5,S5,S4,S5,S5,S5,S5,S5,S5,S5,S5,S5,S5,S5,S4,S5,S5,S2,
S5,S5,S5,S5,S5,S5,S4,S5,S5,S5,S5,S5,S5,S5,S5,S4,S5,S5,S5,S5,S5,S5,S5,S0,S2,
S5,S5,S5,S5,S5,S5,S4,S5,S5,S4,S5,S5,S5,S5,S5,S5,S5,S5,S5,S5,S5,S4,S5,S5,S5,
S5,S5,S5,S5,S5,S5,S5,S5,S5,S5,S5,S5,S5,S5,S5,S5,S5,S5,S5,S5,S5,S4,S5,S5,S5,
S5,S5,S5,S5,S5,S5,S5,S5,S5,S5,S5,S5,S5,S5,S5,S5,S5,S5,S5,S5,S5,S4,S5,S5,S5,
S5,S5,S5,S5,S5,S5,S5,S5,S5,S5,S5,S5,S5,S5,S5,S5,S5,S5,S5,S5,S5,S4,S5,S5,S5,
S5,S5,S5,S5,S5,S5,S4,S5,S5,S4,S5,S5,S5,S5,S5,S5,S5,S5,S5,S5,S5,S4,S3,S0,S2,
S3,S5,S5,S5,S5,S5,S4,S5,S5,S4,S5,S5,S5,S5,S5,S5,S5,S5,S5,S5,S5,S4,S5,S5,S5,
S5,S5,S5,S5,S5,S5,S5,S5,S5,S5,S5,S5,S5,S5,S5,S5,S5,S5,S5,S5,S5,S4,S5,S0,S5,
S5,S5,S5,S5,S5,S5,S5,S5,S5,S5,S5,S5,S5,S5,S5,S5,S5,S5,S5,S5,S5,S4,S5,S5,S5,
S5,S5,S5,S5,S5,S5,S5,S5,S5,S5,S5,S5,S5,S5,S5,S5,S5,S5,S5,S5,S5,S4,S5,S0,S5,
S5,S5,S5,S5,S5,S5,S4,S5,S5,S4,S5,S5,S5,S5,S5,S5,S5,S5,S5,S5,S5,S4,S3,S0,S2,
S5,S5,S5,S5,S5,S5,S4,S5,S5,S4,S5,S5,S5,S5,S5,S5,S5,S5,S5,S5,S5,S4,S3,S5,S2,
S5,S5,S5,S5,S5,S5,S4,S5,S5,S4,S5,S5,S5,S5,S5,S5,S5,S5,S5,S5,S5,S4,S3,S0,S2,
S5,S5,S5,S5,S5,S5,S5,S5,S5,S5,S5,S5,S5,S5,S5,S5,S5,S5,S5,S5,S5,S4,S5,S5,S5,
S3,S5,S5,S5,S5,S5,S4,S5,S5,S4,S5,S5,S5,S5,S5,S5,S5,S5,S5,S5,S5,S4,S5,S5,S5,
S5,S5,S5,S5,S5,S5,S4,S5,S5,S4,S5,S5,S5,S5,S5,S5,S5,S5,S5,S5,S5,S4,S3,S0,S2,
S5,S5,S5,S5,S5,S5,S4,S5,S5,S4,S5,S5,S5,S5,S5,S5,S5,S5,S5,S5,S5,S4,S3,S5,S2,
S5,S5,S5,S5,S5,S5,S5,S5,S5,S5,S5,S5,S5,S5,S5,S5,S5,S5,S5,S5,S5,S4,S5,S5,S5,
S5,S5,S5,S5,S5,S5,S4,S5,S5,S4,S5,S5,S5,S5,S5,S5,S5,S5,S5,S5,S5,S4,S3,S0,S2,
S3,S5,S5,S5,S5,S5,S4,S5,S5,S4,S5,S5,S5,S5,S5,S5,S5,S5,S5,S5,S5,S4,S3,S5,S2,
S5,S5,S5,S5,S5,S5,S4,S5,S5,S4,S5,S5,S5,S5,S4,S4,S5,S5,S5,S5,S5,S4,S2,S5,S2,
S5,S5,S5,S5,S5,S5,S4,S5,S5,S4,S5,S5,S5,S5,S5,S5,S5,S5,S5,S5,S5,S4,S3,S0,S2,
S5,S5,S5,S5,S5,S5,S5,S5,S5,S5,S5,S5,S5,S5,S5,S5,S5,S5,S5,S5,S5,S4,S5,S5,S5,
S3,S5,S5,S5,S5,S5,S4,S5,S5,S4,S5,S5,S5,S5,S5,S5,S5,S5,S5,S5,S5,S4,S5,S5,S2,
S5,S5,S5,S5,S5,S5,S4,S5,S5,S4,S5,S5,S5,S5,S4,S4,S5,S5,S5,S5,S5,S4,S5,S5,S2,
S5,S5,S5,S5,S5,S5,S4,S5,S5,S4,S5,S5,S5,S5,S5,S5,S5,S5,S5,S5,S5,S4,S3,S0,S2,
S5,S5,S5,S5,S5,S5,S4,S5,S5,S4,S5,S5,S5,S5,S5,S5,S5,S5,S5,S5,S5,S4,S3,S0,S2,
S3,S5,S5,S5,S5,S5,S4,S5,S5,S4,S5,S5,S5,S5,S5,S5,S5,S5,S5,S5,S5,S4,S5,S5,S5,
S3,S5,S5,S5,S5,S5,S4,S5,S5,S4,S5,S5,S5,S5,S5,S5,S5,S5,S5,S5,S5,S4,S3,S5,S2,
S5,S5,S5,S5,S5,S5,S4,S5,S5,S4,S5,S5,S5,S5,S4,S4,S5,S5,S5,S5,S5,S4,S5,S5,S2,
S5,S5,S5,S5,S5,S5,S4,S5,S5,S4,S5,S5,S5,S5,S4,S4,S5,S5,S5,S5,S5,S4,S5,S5,S2,
S3,S5,S5,S5,S5,S5,S4,S5,S5,S4,S5,S5,S5,S5,S5,S5,S5,S5,S5,S5,S5,S4,S3,S5,S2,
S5,S3,S5,S5,S5,S5,S5,S5,S5,S5,S5,S5,S5,S5,S5,S5,S5,S5,S5,S5,S5,S4,S5,S0,S5,
S5,S5,S5,S5,S5,S5,S4,S5,S5,S4,S5,S5,S5,S5,S5,S5,S5,S5,S5,S5,S5,S4,S5,S5,S5,
S3,S5,S5,S5,S5,S5,S4,S5,S5,S4,S5,S5,S5,S5,S5,S5,S5,S5,S5,S5,S5,S4,S3,S5,S2,
S5,S5,S5,S5,S5,S5,S4,S5,S5,S5,S5,S5,S5,S5,S5,S4,S5,S5,S5,S5,S5,S5,S5,S0,S2,
S3,S5,S5,S5,S5,S5,S4,S5,S5,S4,S5,S5,S5,S5,S5,S5,S5,S5,S5,S5,S5,S4,S3,S5,S2,
S5,S5,S5,S5,S5,S5,S4,S5,S5,S4,S5,S5,S5,S5,S5,S5,S5,S5,S5,S5,S5,S4,S5,S5,S5,
S5,S5,S5,S5,S5,S5,S4,S5,S5,S4,S5,S5,S5,S5,S5,S5,S5,S5,S5,S5,S5,S4,S3,S0,S2,
S5,S5,S5,S5,S5,S5,S5,S5,S5,S5,S5,S5,S5,S5,S5,S5,S5,S5,S5,S5,S5,S4,S5,S5,S5,
S3,S5,S5,S5,S5,S5,S4,S5,S5,S4,S5,S5,S5,S5,S5,S5,S5,S5,S5,S5,S5,S4,S3,S5,S2,
S5,S5,S5,S5,S5,S5,S4,S5,S5,S4,S5,S5,S5,S5,S5,S5,S5,S5,S5,S5,S5,S4,S3,S5,S2,
S3,S5,S5,S5,S5,S5,S4,S5,S5,S4,S5,S5,S5,S5,S5,S5,S5,S5,S5,S5,S5,S4,S5,S5,S5,
S3,S5,S5,S5,S5,S5,S4,S5,S5,S4,S5,S5,S5,S5,S5,S5,S5,S5,S5,S5,S5,S4,S3,S5,S2,
S5,S5,S5,S5,S5,S5,S4,S5,S5,S4,S5,S5,S5,S5,S5,S5,S5,S5,S5,S5,S5,S4,S3,S0,S2,
S5,S5,S5,S5,S5,S5,S4,S5,S5,S4,S5,S5,S5,S5,S4,S4,S5,S5,S5,S5,S5,S4,S2,S5,S2,
S5,S5,S5,S5,S5,S5,S4,S5,S5,S4,S5,S5,S5,S5,S5,S5,S5,S5,S5,S5,S5,S4,S3,S0,S2,
S5,S5,S5,S5,S5,S5,S4,S5,S5,S4,S5,S5,S5,S5,S5,S5,S5,S5,S5,S5,S5,S4,S3,S0,S2,
S5,S5,S5,S5,S5,S5,S4,S5,S5,S4,S5,S5,S5,S5,S4,S4,S5,S5,S5,S5,S5,S4,S5,S5,S2,
S5,S5,S5,S5,S5,S5,S4,S5,S5,S4,S5,S5,S5,S5,S4,S4,S5,S5,S5,S5,S5,S4,S5,S5,S2,
S3,S5,S5,S5,S5,S5,S4,S5,S5,S4,S5,S5,S5,S5,S5,S5,S5,S5,S5,S5,S5,S4,S3,S5,S2,
S5,S5,S5,S5,S5,S5,S5,S5,S5,S5,S5,S5,S5,S5,S5,S5,S5,S5,S5,S5,S5,S4,S5,S5,S5,
S5,S5,S5,S5,S5,S5,S5,S5,S5,S5,S5,S5,S5,S5,S5,S5,S5,S5,S5,S5,S5,S4,S5,S5,S5,
S3,S5,S5,S5,S5,S5,S4,S5,S5,S4,S5,S5,S5,S5,S5,S5,S5,S5,S5,S5,S5,S4,S5,S5,S5,
S5,S5,S5,S5,S5,S5,S5,S5,S5,S5,S5,S5,S5,S5,S5,S5,S5,S5,S5,S5,S5,S4,S5,S0,S5,
S5,S5,S5,S5,S5,S5,S4,S5,S5,S4,S5,S5,S5,S5,S4,S4,S5,S5,S5,S5,S5,S4,S5,S5,S2,
S5,S5,S5,S5,S5,S5,S5,S5,S5,S5,S5,S5,S5,S5,S5,S5,S5,S5,S5,S5,S5,S4,S5,S0,S5,
S5,S5,S5,S5,S5,S5,S5,S5,S5,S5,S5,S5,S5,S5,S5,S5,S5,S5,S5,S5,S5,S4,S5,S5,S5,
S5,S2,S5,S5,S5,S5,S5,S5,S5,S5,S5,S5,S5,S5,S5,S5,S5,S5,S5,S5,S5,S4,S5,S0,S5,
S3,S5,S5,S5,S5,S5,S4,S5,S5,S4,S5,S5,S5,S5,S5,S5,S5,S5,S5,S5,S5,S4,S5,S5,S5,
S3,S5,S5,S5,S5,S5,S4,S5,S5,S4,S5,S5,S5,S5,S5,S5,S5,S5,S5,S5,S5,S4,S5,S5,S2,
S3,S5,S5,S5,S5,S5,S4,S5,S5,S4,S5,S5,S5,S5,S5,S5,S5,S5,S5,S5,S5,S4,S3,S5,S2,
S3,S5,S5,S5,S5,S5,S4,S5,S5,S4,S5,S5,S5,S5,S5,S5,S5,S5,S5,S5,S5,S4,S3,S5,S2,
S5,S5,S5,S5,S5,S5,S4,S5,S5,S4,S5,S5,S5,S5,S5,S5,S5,S5,S5,S5,S5,S4,S3,S0,S2,
S5,S5,S5,S5,S5,S5,S5,S5,S5,S5,S5,S5,S5,S5,S5,S5,S5,S5,S5,S5,S5,S4,S5,S5,S5,
S3,S5,S5,S5,S5,S5,S4,S5,S5,S4,S5,S5,S5,S5,S5,S5,S5,S5,S5,S5,S5,S4,S3,S5,S2,
S3,S5,S5,S5,S5,S5,S4,S5,S5,S4,S5,S5,S5,S5,S5,S5,S5,S5,S5,S5,S5,S4,S5,S5,S2,
S5,S5,S5,S5,S5,S5,S4,S5,S5,S4,S5,S5,S5,S5,S5,S5,S5,S5,S5,S5,S5,S4,S5,S5,S5,
S5,S3,S5,S5,S5,S5,S5,S5,S5,S5,S5,S5,S5,S5,S5,S5,S5,S5,S5,S5,S5,S4,S5,S0,S5,
S5,S5,S5,S5,S5,S5,S4,S5,S5,S4,S5,S5,S5,S5,S4,S4,S5,S5,S5,S5,S5,S4,S5,S5,S2,
S5,S5,S5,S5,S5,S5,S4,S5,S5,S4,S5,S5,S5,S5,S4,S4,S5,S5,S5,S5,S5,S4,S5,S5,S2,
S5,S5,S5,S5,S5,S5,S4,S5,S5,S4,S5,S5,S5,S5,S5,S5,S5,S5,S5,S5,S5,S4,S3,S0,S2,
S3,S5,S5,S5,S5,S5,S4,S5,S5,S4,S5,S5,S5,S5,S5,S5,S5,S5,S5,S5,S5,S4,S3,S5,S2,
S5,S5,S5,S5,S5,S5,S4,S5,S5,S4,S5,S5,S5,S5,S4,S4,S5,S5,S5,S5,S5,S4,S5,S5,S2,
